id,region,company,address,province,displayCity,displayCityLabel,district,cityLng,cityLat,addressLng,addressLat,coordinateLevel,matchMethod,matchedAlias
1,浙江 / （1+12）4,中广核浙江新能源投资有限公司,杭州市拱墅区绿地运河商务中心5幢1501室,浙江省,杭州市,杭州,拱墅区,120.21551180372168,30.25308298169347,120.14844700926328,30.32464256662975,district,district,拱墅区
2,浙江 / （1+12）4,中广核新能源(象山)有限公司,浙江省宁波市象山县涂茨镇前山姚村,浙江省,宁波市,宁波,象山县,121.62857249434141,29.866033045866054,121.87556392982258,29.482270653805347,district,district,象山县
3,浙江 / （1+12）4,海宁中广核风力发电有限公司,浙江省嘉兴市海宁市尖山新区滨海路30号-1,浙江省,嘉兴市,嘉兴,海宁市,120.76355182586005,30.750974830920143,120.68656506738283,30.51792376977565,district,district,海宁市
4,浙江 / （1+12）4,中广核（浙江宁海）风力发电有限公司,浙江省宁海县一市镇一市村,浙江省,宁波市,宁波,宁海县,121.62857249434141,29.866033045866054,121.43643177294247,29.294317441105566,district,district,宁海县
5,浙江 / （1+12）4,中广核（浙江象山）风力发电有限公司,浙江省象山县涂茨镇前山姚村涂茨风电场,浙江省,宁波市,宁波,象山县,121.62857249434141,29.866033045866054,121.87556392982258,29.482270653805347,district,district,象山县
6,浙江 / （1+12）4,湖州东盛光伏农业科技有限公司,浙江省湖州市长兴县虹星桥镇谭家村,浙江省,湖州市,湖州,长兴县,120.09451660915789,30.898963937294184,119.91749832197264,31.0325793268347,district,district,长兴县
7,浙江 / （1+12）4,浙江旭辉新能源有限公司,海宁市黄湾镇仙侠路118号,浙江省,嘉兴市,嘉兴,海宁市,120.76355182586005,30.750974830920143,120.68656506738283,30.51792376977565,district,district,海宁市
8,浙江 / （1+12）4,中广核太阳能（嘉兴）有限公司,浙江省嘉兴市海盐县西塘桥街道（海盐经济开发区）新经济产业园1幢206室,浙江省,嘉兴市,嘉兴,海盐县,120.76355182586005,30.750974830920143,120.95244526273444,30.531872894537752,district,district,海盐县
9,浙江 / （1+12）4,中广核太阳能（义乌）有限公司,浙江省义乌市上溪镇上城路88号综合楼901室（自主申报）,浙江省,金华市,金华,义乌市,119.65343619052916,29.084639385513697,120.08158099305928,29.31114987541007,district,district,义乌市
10,浙江 / （1+12）4,杭州临平中广核太阳能有限公司,浙江省杭州市余杭区崇贤街道四维村宋家路80号3桩101室,浙江省,杭州市,杭州,余杭区,120.21551180372168,30.25308298169347,120.30659216717552,30.424739268745142,district,district,余杭区
11,浙江 / （1+12）4,中广核（浙江三门）风力发电有限公司,浙江省台州市三门县海润街道孙家村1288号,浙江省,台州市,台州,三门县,121.42743470427969,28.66219405599615,121.40255379759475,29.110355206288737,district,district,三门县
12,浙江 / （1+12）4,中广核浙江岱山海上风力发电有限公司,浙江省舟山市岱山县高亭镇沿港西路454号,浙江省,舟山市,舟山,岱山县,122.21355631852045,29.99091168016034,122.23260481448817,30.269655894034567,district,district,岱山县
13,浙江 / （1+12）4,中广核（嵊泗）新能源有限公司,浙江省舟山市嵊泗县马迹山港区港航大楼303-w（自贸试验区内）,浙江省,舟山市,舟山,嵊泗县,122.21355631852045,29.99091168016034,122.45758776505647,30.73127394902446,district,district,嵊泗县
14,福建 / / 1+5，3,中广核（福建）新能源投资有限公司,福建省福州市鼓楼区五四路118号闽侨大厦24层03层01办公,福建省,福州市,福州,鼓楼区,119.30346983854001,26.080429420698078,119.31049162321753,26.08811403755549,district,district,鼓楼区
15,福建 / / 1+5，3,中广核（安溪）风力发电有限公司,福建省泉州市安溪县龙门镇龙美村,福建省,泉州市,泉州,安溪县,118.68244626680422,24.879952330498313,118.19242537229232,25.06175955338205,district,district,安溪县
16,福建 / / 1+5，3,中广核(福建)风力发电有限公司,福建省平潭县苏澳镇钟门村后垄50号,福建省,福州市,福州,平潭县,119.30346983854001,26.080429420698078,119.79650131413707,25.504700273944916,district,district,平潭县
17,福建 / / 1+5，3,中广核（政和）风力发电有限公司,福建省南平市政和县澄源乡后山村对洋12-1号,福建省,南平市,南平,政和县,118.1843695481426,26.647772874203266,118.86358723723711,27.37174919823424,district,district,政和县
18,福建 / / 1+5，3,中广核（漳浦）新能源有限公司,福建省漳州市漳浦县六鳌镇一帆重工厂区内,福建省,漳州市,漳州,漳浦县,117.65357645298785,24.51892979117087,117.62044335256876,24.123461614811962,district,district,漳浦县
19,福建 / / 1+5，3,中广核（屏南）风力发电有限公司,福建省宁德市屏南县岭下乡东峰村东峰尖1号,福建省,宁德市,宁德,屏南县,119.55451074542829,26.672241711408567,118.99259621521281,26.914264918059377,district,district,屏南县
20,广东 / 1+16=4,中广核（广东）新能源投资有限公司,深圳市福田区莲花街道深南大道2002号中广核大厦北楼17楼,广东省,深圳市,深圳,福田区,114.06455183658751,22.548456637984177,114.06154700465763,22.528465912071983,district,district,福田区
21,广东 / 1+16=4,中广核台山川岛风力发电有限公司,台山市川岛镇上川岛稔坪村大田1号,广东省,江门市,江门,台山市,113.08855619524043,22.584603880965,112.80044482505359,22.257923470251228,district,district,台山市
22,广东 / 1+16=4,中广核台山风力发电有限公司,广东省江门市台山市端芬镇隆文村委会老刘村548县道旁1号之1,广东省,江门市,江门,台山市,113.08855619524043,22.584603880965,112.80044482505359,22.257923470251228,district,district,台山市
23,广东 / 1+16=4,中广核罗定风力发电有限公司,广东省云浮市罗定市龙湾镇榕木村委会升压站（生产楼）,广东省,云浮市,云浮,罗定市,112.05151269959146,22.920911970342857,111.57648048166133,22.774296060762723,district,district,罗定市
24,广东 / 1+16=4,中广核高州风力发电有限公司,广东省茂名市高州市根子镇马踏石水库上方,广东省,茂名市,茂名,高州市,110.931542579969,21.669064031332095,110.85947386452162,21.924048896771122,district,district,高州市
25,广东 / 1+16=4,中广核德庆风力发电有限公司,肇庆市德庆县高良镇大同村委会新厂河大顶山风电场综合楼,广东省,肇庆市,肇庆,德庆县,112.47148894063035,23.052888771125616,111.79155377492526,23.15137330611021,district,district,德庆县
26,广东 / 1+16=4,中广核太阳能（深圳）有限公司,广东省深圳市宝安区领航二路88号动力公司I座101室中,广东省,深圳市,深圳,宝安区,114.06455183658751,22.548456637984177,113.89042744066019,22.560032908924555,district,district,宝安区
27,广东 / 1+16=4,中广核太阳能（东莞）有限公司,广东省深圳市宝安区领航二路88号动力公司I座101室中,广东省,深圳市,深圳,宝安区,114.06455183658751,22.548456637984177,113.89042744066019,22.560032908924555,district,district,宝安区
28,广东 / 1+16=4,中山利能太阳能电力有限公司,广东省深圳市宝安区领航二路88号动力公司I座101室,广东省,深圳市,深圳,宝安区,114.06455183658751,22.548456637984177,113.89042744066019,22.560032908924555,district,district,宝安区
29,广东 / 1+16=4,中广核（佛山）新能源科技有限公司,广东省深圳市宝安区领航二路88号动力公司I座101室,广东省,深圳市,深圳,宝安区,114.06455183658751,22.548456637984177,113.89042744066019,22.560032908924555,district,district,宝安区
30,广东 / 1+16=4,中广核太阳能（云浮）有限公司,广东省深圳市宝安区领航二路88号动力公司I座101室,广东省,深圳市,深圳,宝安区,114.06455183658751,22.548456637984177,113.89042744066019,22.560032908924555,district,district,宝安区
31,广东 / 1+16=4,中广核高要风力发电有限公司,肇庆市高要区活道镇圩镇（活道镇经济发展总公司工业用地）,广东省,肇庆市,肇庆,高要区,112.47148894063035,23.052888771125616,112.46444604577336,23.03189554686566,district,district,高要区
32,广东 / 1+16=4,中广核（广宁）新能源有限公司,广东省肇庆市广宁县北市镇广宁广北风电场,广东省,肇庆市,肇庆,广宁县,112.47148894063035,23.052888771125616,112.4474238750093,23.64103572633298,district,district,广宁县
33,广东 / 1+16=4,中广核阳江海上风力发电有限公司,广东阳江市阳东区大沟镇三丫渡头山,广东省,阳江市,阳江,阳东区,111.98848929181268,21.864339726138933,112.01857947214826,21.873996844318786,district,district,阳东区
34,广东 / 1+16=4,中广核新能源海上风电（汕尾）有限公司,陆丰市碣石镇碣田公路中广核玄武海风场综合楼2楼（自主申报）,广东省,汕尾市,汕尾,陆丰市,115.38155260365083,22.79126303654673,115.65849031092495,22.923635773560758,district,district,陆丰市
35,广东 / 1+16=4,中广核新能源（惠州）有限公司,惠东县黄埠镇沙埔村东头村小组地段海上风电场项目5号办公、宿舍楼,广东省,惠州市,惠州,惠东县,114.4235580165817,23.116358854725593,114.72642585137605,22.991443112002415,district,district,惠东县
36,广东 / 1+16=4,中广核新能源(陆丰)有限公司,陆丰市东海街道四十米大道中段东海经济开发区管委会二楼办公室05号（自主申报）,广东省,汕尾市,汕尾,陆丰市,115.38155260365083,22.79126303654673,115.65849031092495,22.923635773560758,district,district,陆丰市
37,云南 / 1+10，4,中广核云南新能源有限公司,云南省昆明市滇池度假区滇池国家旅游度假区金河社区逸雅路191号幸福远洋小区(A1地块)2幢1层商业101号,云南省,昆明市,昆明,,102.85244836500482,24.873998150044006,102.85244836500482,24.873998150044006,prefecture,prefecture,昆明市
38,云南 / 1+10，4,中广核楚雄大姚风力发电有限公司,云南省楚雄州大姚县云南省楚雄州元谋县老城乡尹地村委会茅稗田风电场,云南省,楚雄彝族自治州,楚雄州,大姚县,101.53441248050268,25.051773565340376,101.33056746712646,25.727600600572302,district,district,大姚县
39,云南 / 1+10，4,中广核楚雄牟定风力发电有限公司,云南省楚雄州牟定县凤屯镇飒马场,云南省,楚雄彝族自治州,楚雄州,牟定县,101.53441248050268,25.051773565340376,101.5534809912178,25.318845903713523,district,district,牟定县
40,云南 / 1+10，4,中广核玉溪华宁风力发电有限公司,云南省玉溪市华宁县青龙镇斗居村民委员会磨豆山风电场,云南省,玉溪市,玉溪,华宁县,102.55356029311,24.35771094244625,102.9354918585251,24.19858102716324,district,district,华宁县
41,云南 / 1+10，4,中广核楚雄大姚风力发电有限公司,云南省楚雄彝族自治州大姚县金碧镇咪依噜大道政务小区,云南省,楚雄彝族自治州,楚雄州,大姚县,101.53441248050268,25.051773565340376,101.33056746712646,25.727600600572302,district,district,大姚县
42,云南 / 1+10，4,中广核玉溪市元江风力发电有限公司,云南省玉溪市元江县曼来镇南溪村委会上把哈村民小组后山,云南省,玉溪市,玉溪,,102.55356029311,24.35771094244625,102.55356029311,24.35771094244625,prefecture,prefecture,玉溪市
43,云南 / 1+10，4,中广核普洱澜沧风力发电有限公司,云南省普洱市澜沧拉祜族自治县勐朗镇看马山甲俫波风电场,云南省,普洱市,普洱,澜沧拉祜族自治县,100.97256981472799,22.830979186010275,99.93858828323933,22.561831918086543,district,district,澜沧拉祜族自治县
44,云南 / 1+10，4,中广核曲靖宣威风力发电有限公司,云南省曲靖市宣威市宝山镇安益村委会大绿山风电场,云南省,曲靖市,曲靖,宣威市,103.80243482794681,25.496406931543667,104.11157606909859,26.225598378323756,district,district,宣威市
45,云南 / 1+10，4,中广核西双版纳勐海风力发电有限公司,云南省西双版纳傣族自治州勐海县西定哈尼族布朗族乡帕龙村委会帕龙二队大黑山帕顶梁子风电场,云南省,西双版纳傣族自治州,西双版纳州,勐海县,100.80344682455637,22.013601254764165,100.45944593979591,21.96343359668147,district,district,勐海县
46,云南 / 1+10，4,中广核玉溪通海风力发电有限公司,云南省玉溪市通海县秀山街道西大街93号（建行401室）,云南省,玉溪市,玉溪,通海县,102.55356029311,24.35771094244625,102.73242289127867,24.117891201573585,district,district,通海县
47,云南 / 1+10，4,元江中盛太阳能科技有限公司,云南省玉溪市元江县因远镇北泽村委会新北泽村陶器社,云南省,玉溪市,玉溪,,102.55356029311,24.35771094244625,102.55356029311,24.35771094244625,prefecture,prefecture,玉溪市
48,黑龙江 / 1+15，4,中广核黑龙江新能源投资有限公司,哈尔滨南岗区汇智中心A03栋,黑龙江省,哈尔滨市,哈尔滨,南岗区,126.54161509031663,45.808825827952184,126.67563849952303,45.76586616375799,district,district,南岗区
49,黑龙江 / 1+15，4,北安市上电新能源有限公司,黑龙江省黑河市北安市东胜乡联合村（北安市赵光100MW风电平价上网项目（升压站）项目-综合楼）,黑龙江省,黑河市,黑河,北安市,127.53548988621854,50.25127231175015,126.49737974225795,48.247419532218935,district,district,北安市
50,黑龙江 / 1+15，4,依安县明阳风力发电有限公司,黑龙江省齐齐哈尔市依安县富饶乡兴国村,黑龙江省,齐齐哈尔市,齐齐哈尔,依安县,123.92457086841536,47.3599771860153,125.31248216609961,47.89948365136766,district,district,依安县
51,黑龙江 / 1+15，4,肇源县明阳风力发电有限公司,黑龙江省大庆市肇源县城南社区一街坊丽江府第一期15#楼一层商服5室,黑龙江省,大庆市,大庆,肇源县,125.10865763402039,46.59363317672175,125.0845726260089,45.52415291420557,district,district,肇源县
52,黑龙江 / 1+15，4,黑龙江东方风力发电有限公司,黑龙江省鸡西市密山市知一镇蜂蜜山林场,黑龙江省,鸡西市,鸡西,密山市,130.97561865876668,45.300872317823895,131.85353110655427,45.53564080974782,district,district,密山市
53,黑龙江 / 1+15，4,宁安老爷岭风力发电有限公司,黑龙江省牡丹江市宁东偏南36公里处老爷岭上,黑龙江省,牡丹江市,牡丹江,宁安市,129.6395397783469,44.55624570898632,129.4893679801412,44.34698357750037,district,district,宁安
54,黑龙江 / 1+15，4,双鸭山老平岗风力发电有限公司,黑龙江省双鸭山市四方台区太保镇,黑龙江省,双鸭山市,双鸭山,四方台区,131.16534168078073,46.65318589588607,131.34565737800256,46.60201228508263,district,district,四方台区
55,黑龙江 / 1+15，4,双鸭山锅盔山风力发电有限公司/双鸭山杨木岗风力发电有限公司,黑龙江省双鸭山市四方台区太保镇,黑龙江省,双鸭山市,双鸭山,四方台区,131.16534168078073,46.65318589588607,131.34565737800256,46.60201228508263,district,district,四方台区
56,黑龙江 / 1+15，4,大庆红骥风力发电有限公司,黑龙江省大庆市让胡路区红骥牧场内（大庆红骥风电场项目-升压站工程主控制楼）,黑龙江省,大庆市,大庆,让胡路区,125.10865763402039,46.59363317672175,124.8775988144728,46.65807845860904,district,district,让胡路区
57,黑龙江 / 1+15，4,大庆银浪风力发电有限公司,黑龙江省大庆市让胡路区银浪牧场内（大庆银浪风电场-升压站工程生产楼）,黑龙江省,大庆市,大庆,让胡路区,125.10865763402039,46.59363317672175,124.8775988144728,46.65807845860904,district,district,让胡路区
58,黑龙江 / 1+15，4,中广核龙江风力发电有限公司,黑龙江省齐齐哈尔市龙江县哈拉海乡红旗村红旗屯南等4处[黑（2019）龙江县不动产权第0014586号](自然幢号004）,黑龙江省,齐齐哈尔市,齐齐哈尔,龙江县,123.92457086841536,47.3599771860153,123.2115389834243,47.343605740150764,district,district,龙江县
59,黑龙江 / 1+15，4,龙江杏山风力发电有限公司,黑龙江省齐齐哈尔市龙江县哈拉海乡红旗村红旗屯南等4处[黑（2019）龙江县不动产权第0014586号](自然幢号004）,黑龙江省,齐齐哈尔市,齐齐哈尔,龙江县,123.92457086841536,47.3599771860153,123.2115389834243,47.343605740150764,district,district,龙江县
60,黑龙江 / 1+15，4,巴彦双鸭山风力发电有限公司,巴彦县德祥乡巨贤村,黑龙江省,双鸭山市,双鸭山,,131.16534168078073,46.65318589588607,131.16534168078073,46.65318589588607,prefecture,prefecture,双鸭山
61,黑龙江 / 1+15，4,安达中广核新能源有限公司,安达市青肯泡乡双山二屯（乡政府北500米处）,黑龙江省,绥化市,绥化,安达市,126.97535687530133,46.6600321798244,125.34862234422451,46.4257192321437,district,district,安达市
62,黑龙江 / 1+15，4,肇东中广核新能源科技开发有限公司,黑龙江省绥化市肇东市尚家镇红明村901乡道西南侧（承诺事项）,黑龙江省,绥化市,绥化,肇东市,126.97535687530133,46.6600321798244,125.96853740717,46.05693828930348,district,district,肇东市
63,黑龙江 / 1+15，4,黑龙江祥鹤新能源有限公司,黑龙江省齐齐哈尔市铁锋区齐齐哈尔种畜厂第二管理区（生产楼）00单元01层01号,黑龙江省,齐齐哈尔市,齐齐哈尔,铁锋区,123.92457086841536,47.3599771860153,123.98441571199879,47.34701886377169,district,district,铁锋区
64,吉林 / 1+13， / 4,中广核（吉林）新能源投资有限公司,长春市净月开发区临河街7477号中海水岸馨都G2【幢】110号房,吉林省,长春市,长春,,125.3306020759069,43.82195350104314,125.3306020759069,43.82195350104314,prefecture,prefecture,长春市
65,吉林 / 1+13， / 4,大安中广核风力发电有限公司,吉林省白城市大安市来福乡来-2-1（1-2层）,吉林省,白城市,白城,大安市,122.8455906084976,45.62550435999602,124.29850428102031,45.51304514962824,district,district,大安市
66,吉林 / 1+13， / 4,吉林中广核风力发电有限公司,吉林省大安市大岗子乡 大岗-1（1-2层）,吉林省,吉林市,吉林,,126.55563450495482,43.84356783457924,126.55563450495482,43.84356783457924,prefecture,prefecture,吉林
67,吉林 / 1+13， / 4,四平中广核风力发电有限公司,吉林省四平市铁东区山门镇古洞村,吉林省,四平市,四平,铁东区,124.35648155715893,43.171993571561,124.41648270590073,43.16799399318514,district,district,铁东区
68,吉林 / 1+13， / 4,镇赉中广核新能源有限公司,吉林省镇赉县建平乡莲泡村,吉林省,吉林市,吉林,,126.55563450495482,43.84356783457924,126.55563450495482,43.84356783457924,prefecture,prefecture,吉林
69,吉林 / 1+13， / 4,吉林晶科新能源有限公司,前郭县长山镇四十家子村1幢1号等6处,吉林省,吉林市,吉林,,126.55563450495482,43.84356783457924,126.55563450495482,43.84356783457924,prefecture,prefecture,吉林
70,吉林 / 1+13， / 4,农安流源光伏发电有限公司,吉林省长春市农安县三岗镇三岗村A区,吉林省,长春市,长春,农安县,125.3306020759069,43.82195350104314,125.1914841066626,44.43890395126124,district,district,农安县
71,吉林 / 1+13， / 4,吉林猛狮科技光电有限公司,双辽市玻璃山镇种羊场等3处,吉林省,吉林市,吉林,,126.55563450495482,43.84356783457924,126.55563450495482,43.84356783457924,prefecture,prefecture,吉林
72,吉林 / 1+13， / 4,中广核新能源（洮南）有限公司,洮南市蛟流河乡光荣村,吉林省,吉林市,吉林,,126.55563450495482,43.84356783457924,126.55563450495482,43.84356783457924,prefecture,prefecture,吉林
73,吉林 / 1+13， / 4,四平中广核风力发电有限公司梨树分公司,四平市梨树县刘家馆子镇炭窑村,吉林省,四平市,四平,梨树县,124.35648155715893,43.171993571561,124.34240124710388,43.313345515552975,district,district,梨树县
74,吉林 / 1+13， / 4,广投新能源白城有限公司风电分公司,吉林省白城市大安市叉干镇庆学村,吉林省,白城市,白城,大安市,122.8455906084976,45.62550435999602,124.29850428102031,45.51304514962824,district,district,大安市
75,吉林 / 1+13， / 4,广投新能源白城有限公司,吉林省白城市大安市大安马场一队长新升压站,吉林省,白城市,白城,大安市,122.8455906084976,45.62550435999602,124.29850428102031,45.51304514962824,district,district,大安市
76,吉林 / 1+13， / 4,通榆远通新能源有限公司,白城市通榆县开通镇羊井村,吉林省,白城市,白城,通榆县,122.8455906084976,45.62550435999602,123.09452077673187,44.81896373588188,district,district,通榆县
77,吉林 / 1+13， / 4,通榆中广核风力发电有限公司,吉林省通榆县团结乡幸福村,吉林省,吉林市,吉林,,126.55563450495482,43.84356783457924,126.55563450495482,43.84356783457924,prefecture,prefecture,吉林
78,辽宁,中广核（辽宁）新能源有限公司,辽宁省沈阳市浑南区浑南二路10-1号（1701）,辽宁省,沈阳市,沈阳,浑南区,123.47109664482264,41.68383006919066,123.4559899308919,41.720915668888956,district,district,浑南区
79,辽宁,中广核大北山（瓦房店）风力发电有限公司,辽宁省瓦房店市泡崖乡闫屯村后张屯,辽宁省,大连市,大连,瓦房店市,121.62163148459285,38.9189536667856,121.98563754334361,39.63274074738802,district,district,瓦房店市
80,辽宁,北票中广核长皋风力发电有限公司,辽宁省朝阳市北票市长皋乡东地村,辽宁省,朝阳市,朝阳,朝阳县,120.45749949793277,41.57982086475567,120.25939061432317,41.24107572087276,district,district,朝阳市
81,辽宁,大连长兴岛中广核风力发电有限公司,辽宁省大连长兴岛经济区交流岛街道向阳村10号综合楼,辽宁省,大连市,大连,,121.62163148459285,38.9189536667856,121.62163148459285,38.9189536667856,prefecture,prefecture,大连
82,辽宁,辽宁国力新能源有限公司,辽宁省阜新市阜蒙县富荣镇王四营子村,辽宁省,阜新市,阜新,,121.67640799865809,42.02802190131842,121.67640799865809,42.02802190131842,prefecture,prefecture,阜新市
83,辽宁,中广核盖州风力发电有限公司,辽宁省营口盖州市太阳升管理区老爷庙村,辽宁省,营口市,营口,盖州市,122.24157466449694,40.67313683826707,122.35559128287593,40.40616745726758,district,district,盖州市
84,辽宁,朝阳君晓新能源（凌源）有限公司,辽宁省朝阳市凌源市小城子镇小城子村,辽宁省,朝阳市,朝阳,朝阳县,120.45749949793277,41.57982086475567,120.25939061432317,41.24107572087276,district,district,朝阳市
85,辽宁,中广核太阳能（义县）有限公司,辽宁省锦州市义县高台子镇石家铺子村,辽宁省,锦州市,锦州,义县,121.13259630055518,41.10093149946208,121.24556854894828,41.53893886227117,district,district,义县
86,辽宁,义县中广核义北风力发电有限公司,辽宁省锦州市义县刘龙台镇山下村,辽宁省,锦州市,锦州,义县,121.13259630055518,41.10093149946208,121.24556854894828,41.53893886227117,district,district,义县
87,辽宁,国电喀左新能源有限公司,辽宁省朝阳市喀左县羊角沟镇下稠沟村,辽宁省,朝阳市,朝阳,朝阳县,120.45749949793277,41.57982086475567,120.25939061432317,41.24107572087276,district,district,朝阳市
88,辽宁,中广核新能源（阜新）有限公司,辽宁省阜新市清河门区乌龙坝镇朱家屯村,辽宁省,阜新市,阜新,清河门区,121.67640799865809,42.02802190131842,121.42247894964176,41.78931855100901,district,district,清河门区
89,辽宁,中广核新能源（阜新）有限公司阜蒙分公司,辽宁省阜新市阜蒙县沙拉镇28号,辽宁省,阜新市,阜新,,121.67640799865809,42.02802190131842,121.67640799865809,42.02802190131842,prefecture,prefecture,阜新市
90,辽宁,西丰远晟风电有限公司,辽宁省铁岭市西丰县平岗镇文华村平岗风电场,辽宁省,铁岭市,铁岭,铁岭县,123.73236520917769,42.22994799718447,123.73537237670288,42.22922560804787,district,district,铁岭市
91,辽宁,凌源金凌太阳能有限公司,辽宁省朝阳市凌源市三家子蒙古族乡三家子村（乡人民政府办公楼）,辽宁省,朝阳市,朝阳,朝阳县,120.45749949793277,41.57982086475567,120.25939061432317,41.24107572087276,district,district,朝阳市
92,辽宁,阜新蒙古族自治县远新风力发电有限公司,辽宁省阜新市阜蒙县阜新镇赵大把村（铸造园区管委会301室）,辽宁省,阜新市,阜新,阜新蒙古族自治县,121.67640799865809,42.02802190131842,121.76357399585217,42.0713681538371,district,district,阜新蒙古族自治县
93,辽宁,中广核太阳能(义县)有限公司朝阳分公司,辽宁省朝阳市朝阳县东大屯乡庙沟村,辽宁省,朝阳市,朝阳,朝阳县,120.45749949793277,41.57982086475567,120.25939061432317,41.24107572087276,district,district,朝阳县
94,辽宁,朝阳福源电力新能源有限公司,辽宁省朝阳市朝阳县东大屯乡士毅村2组(朝阳县东大屯乡人民政府办公楼1楼101室),辽宁省,朝阳市,朝阳,朝阳县,120.45749949793277,41.57982086475567,120.25939061432317,41.24107572087276,district,district,朝阳县
95,辽宁,京能(朝阳)电力新能源有限公司,辽宁省朝阳市朝阳县东大屯乡士毅村2组(朝阳县东大屯乡人民政府办公楼1楼103室),辽宁省,朝阳市,朝阳,朝阳县,120.45749949793277,41.57982086475567,120.25939061432317,41.24107572087276,district,district,朝阳县
96,辽宁,朝阳华源电力新能源有限公司,辽宁省朝阳市朝阳县东大屯乡士毅村2组(朝阳县东大屯乡人民政府办公楼1楼102室),辽宁省,朝阳市,朝阳,朝阳县,120.45749949793277,41.57982086475567,120.25939061432317,41.24107572087276,district,district,朝阳县
97,辽宁,中广核太能(义县)有限公司南票分公司,辽宁省葫芦岛市南票区九龙街道木匠沟村村委会102室,辽宁省,葫芦岛市,葫芦岛,南票区,120.8433983399283,40.71736443636189,120.75649312082375,41.11309759582292,district,district,南票区
98,辽宁,北京核巽风电有限公司建平分公司,辽宁省朝阳市建平县叶柏寿街道镜湖社区北山建材市场开发楼,辽宁省,朝阳市,朝阳,朝阳县,120.45749949793277,41.57982086475567,120.25939061432317,41.24107572087276,district,district,朝阳市
99,内蒙古,中广核（内蒙古）新能源投资有限公司,内蒙古自治区呼和浩特市如意开发区如意和大街56号乌兰财富中心A座11-13层,内蒙古自治区,呼和浩特市,呼和浩特,,111.75550856170946,40.84842299711348,111.75550856170946,40.84842299711348,prefecture,prefecture,呼和浩特市
100,内蒙古,中广核（兴安盟）清洁能源有限公司,内蒙古自治区兴安盟科尔沁右翼中旗高力板镇呼和索格嘎查境内蒙格风电场203办公室,内蒙古自治区,兴安盟,兴安盟,科尔沁右翼中旗,122.04436452582519,46.08846371321896,121.48354781458434,45.06647099342768,district,district,科尔沁右翼中旗
101,内蒙古,中广核（兴安盟）清洁能源有限公司突泉县分公司,内蒙古自治区兴安盟突泉县循环经济工业园区中广核突泉生物能源有限公司102办公室,内蒙古自治区,兴安盟,兴安盟,突泉县,122.04436452582519,46.08846371321896,121.60054536996837,45.387830342585495,district,district,突泉县
102,内蒙古,中广核兴安盟核发新能源有限公司,内蒙古自治区兴安盟科右前旗政府新址(索伦街北、察尔森路西侧)内蒙古鑫安建筑安装工程有限责任公司六楼607、609、610,内蒙古自治区,兴安盟,兴安盟,,122.04436452582519,46.08846371321896,122.04436452582519,46.08846371321896,prefecture,prefecture,兴安盟
103,内蒙古,中广核兴安盟核发新能源有限公司扎赉特旗分公司,内蒙古自治区兴安盟扎赉特旗音德尔镇内蒙古兴安盟经济技术开发区管理委员会扎赉特旗产业园管理办公室三楼,内蒙古自治区,兴安盟,兴安盟,扎赉特旗,122.04436452582519,46.08846371321896,122.90644442882986,46.72918953935754,district,district,扎赉特旗
104,内蒙古,中广核（内蒙古）新能源投资有限公司阿荣旗分公司,阿荣旗向阳峪镇解放村等2处,内蒙古自治区,呼伦贝尔市,呼伦贝尔,阿荣旗,119.77237049946636,49.21844647556481,123.46544000531033,48.13197124504232,district,district,阿荣旗
105,内蒙古,中广核（兴安盟）清洁能源有限公司阿尔山分公司,内蒙古自治区兴安盟阿尔山市温泉街道景城融出合绿色建筑项目201办公室,内蒙古自治区,兴安盟,兴安盟,阿尔山市,122.04436452582519,46.08846371321896,119.95065315165802,47.18305415374976,district,district,阿尔山市
106,内蒙古,察哈尔右翼后旗景源新能源有限公司,察右后旗霞江河村委会,内蒙古自治区,乌兰察布市,乌兰察布,察哈尔右翼后旗,113.13946767446333,41.00074832767381,113.19853090242218,41.441770999655446,district,district,察哈尔右翼后旗
107,内蒙古,磴口县禾风新能源有限公司,磴口县沙金套海苏木温都尔毛道嘎查,内蒙古自治区,巴彦淖尔市,巴彦淖尔,磴口县,107.39439808372491,40.7493594895728,107.01452247000432,40.3364701771031,district,district,磴口县
108,内蒙古,杭锦后旗昱晟新能源有限公司,杭锦后旗太阳庙农场,内蒙古自治区,巴彦淖尔市,巴彦淖尔,杭锦后旗,107.39439808372491,40.7493594895728,107.15737244948984,40.89217941982269,district,district,杭锦后旗
109,内蒙古,中广核北能商都风电有限公司,内蒙古自治区乌兰察布市商都县屯垦队镇东,内蒙古自治区,乌兰察布市,乌兰察布,商都县,113.13946767446333,41.00074832767381,113.58463922926263,41.56756663722376,district,district,商都县
110,内蒙古,内蒙古金杰科技股份有限公司,内蒙古自治区包头市达尔罕茂明安联合旗明安镇呼吉格勒图嘎查,内蒙古自治区,包头市,包头,达尔罕茂明安联合旗,109.84654350721243,40.66292878826139,110.43952090316525,41.7045485510015,district,district,达尔罕茂明安联合旗
111,内蒙古,内蒙古中广核风力发电有限公司,锡林浩特市南45公里处207国道向东3公里（锡林浩特市贝力克牧场）,内蒙古自治区,锡林郭勒盟,锡林郭勒盟,锡林浩特市,116.05439144074573,43.93942266533856,116.09361388473624,43.938333801360066,district,district,锡林浩特市
112,内蒙古,中广核（巴彦淖尔）风力发电有限公司,内蒙古乌拉特后旗潮格镇宝日布嘎查,内蒙古自治区,巴彦淖尔市,巴彦淖尔,乌拉特后旗,107.39439808372491,40.7493594895728,107.0815461220704,41.08942226925757,district,district,乌拉特后旗
113,内蒙古,中广核（四子王）风力发电有限公司,内蒙古自治区四子王旗兰花镇梁盖村（乌兰花镇西十公里处）,内蒙古自治区,乌兰察布市,乌兰察布,四子王旗,113.13946767446333,41.00074832767381,111.71241927182069,41.53935334991468,district,district,四子王旗
114,内蒙古,中广核（苏尼特右旗）风力发电有限公司,内蒙古锡林郭勒盟苏尼特右旗朱日和镇北,内蒙古自治区,锡林郭勒盟,锡林郭勒盟,苏尼特右旗,116.05439144074573,43.93942266533856,112.64856904547575,42.74736892246295,district,district,苏尼特右旗
115,内蒙古,中广核阿巴嘎旗风力发电有限公司,内蒙古自治区锡林郭勒盟阿巴嘎旗洪格尔高勒镇巴彦呼格吉勒嘎查等10户（1组1号）,内蒙古自治区,锡林郭勒盟,锡林郭勒盟,阿巴嘎旗,116.05439144074573,43.93942266533856,114.95736709771691,44.028101587022626,district,district,阿巴嘎旗
116,内蒙古,锡林郭勒盟融丰风电有限公司,内蒙古自治区锡林郭勒盟阿巴嘎旗洪格尔高勒镇巴彦呼格吉勒嘎查等10户（1组1号）二楼201室,内蒙古自治区,锡林郭勒盟,锡林郭勒盟,阿巴嘎旗,116.05439144074573,43.93942266533856,114.95736709771691,44.028101587022626,district,district,阿巴嘎旗
117,内蒙古,中广核(乌兰察布)风力发电有限公司,内蒙古自治区乌兰察布市察哈尔右翼中旗乌兰苏木羊山沟村,内蒙古自治区,乌兰察布市,乌兰察布,察哈尔右翼中旗,113.13946767446333,41.00074832767381,112.64258040196295,41.28327294329096,district,district,察哈尔右翼中旗
118,内蒙古,西乌珠穆沁旗国际新能源风电有限责任公司,蒙古自治区锡林郭勒盟西乌珠穆沁旗吉仁高勒镇杰仁嘎查,内蒙古自治区,锡林郭勒盟,锡林郭勒盟,西乌珠穆沁旗,116.05439144074573,43.93942266533856,117.61637700895868,44.593802912006616,district,district,西乌珠穆沁旗
119,内蒙古,锡林浩特市晨辉风电有限公司,内蒙古自治区锡林浩特市白音库伦牧场中广核晨辉亚电辉腾,内蒙古自治区,锡林郭勒盟,锡林郭勒盟,锡林浩特市,116.05439144074573,43.93942266533856,116.09361388473624,43.938333801360066,district,district,锡林浩特市
120,内蒙古,中广核（乌拉特中旗）风电有限公司,内蒙古自治区巴彦淖尔市乌拉特中旗巴音乌兰苏木,内蒙古自治区,巴彦淖尔市,巴彦淖尔,乌拉特中旗,107.39439808372491,40.7493594895728,108.51951244005076,41.59334626374648,district,district,乌拉特中旗
121,内蒙古,中广核乌海新能源有限公司,内蒙古自治区乌海市海勃湾区千里山镇工业园区东北侧,内蒙古自治区,乌海市,乌海,海勃湾区,106.80039104999656,39.6620063648907,106.82943856713665,39.69690799353465,district,district,海勃湾区
122,内蒙古,赤峰新金色能源有限公司,内蒙古自治区赤峰市翁牛特旗乌丹镇其甘嘎查北甸子组房屋,内蒙古自治区,赤峰市,赤峰,翁牛特旗,118.8955203975195,42.2616861034116,119.01250888001714,42.94201926223575,district,district,翁牛特旗
123,内蒙古,中广核（察哈尔右翼中旗）新能源投资有限公司,内蒙古自治区乌兰察布市察哈尔右翼中旗宏盘乡四兴庄村,内蒙古自治区,乌兰察布市,乌兰察布,察哈尔右翼中旗,113.13946767446333,41.00074832767381,112.64258040196295,41.28327294329096,district,district,察哈尔右翼中旗
124,内蒙古,中广核（达拉特旗）新能源有限公司,内蒙古自治区鄂尔多斯市达拉特旗昭君镇光伏领跑基地,内蒙古自治区,鄂尔多斯市,鄂尔多斯,达拉特旗,109.78744317923602,39.61448231394889,110.04036612608118,40.41890715439107,district,district,达拉特旗
125,内蒙古,中广核（科尔沁左翼中旗）新能源有限公司,内蒙古自治区通辽市科尔沁左翼中旗白兴吐苏木白兴吐嘎查,内蒙古自治区,通辽市,通辽,科尔沁左翼中旗,122.25052178737633,43.657980083916655,122.2624570337041,43.62871248882857,district,district,科尔沁左翼中旗
126,内蒙古,内蒙古库布其生态新能源有限公司,内蒙古自治区鄂尔多斯市杭锦旗独贵塔拉镇图古日格嘎查,内蒙古自治区,鄂尔多斯市,鄂尔多斯,杭锦旗,109.78744317923602,39.61448231394889,108.74241293878582,39.83881576881519,district,district,杭锦旗
127,内蒙古,内蒙古晶辉新能源有限公司,内蒙古自治区乌兰察布市察右后旗当郎忽洞苏木科乌线南，韩土路东,内蒙古自治区,乌兰察布市,乌兰察布,,113.13946767446333,41.00074832767381,113.13946767446333,41.00074832767381,prefecture,prefecture,乌兰察布市
128,内蒙古,阿鲁科尔沁旗天泽农牧业有限公司,阿鲁科尔沁旗绍根镇道德种牛场,内蒙古自治区,赤峰市,赤峰,阿鲁科尔沁旗,118.8955203975195,42.2616861034116,120.07261385472195,43.877953412182414,district,district,阿鲁科尔沁旗
129,内蒙古,满洲里市祺通新能源有限公司,内蒙古自治区满洲里市扎赉诺尔区鲜卑路北侧露天矿排土场附属建筑-101,内蒙古自治区,呼伦贝尔市,呼伦贝尔,扎赉诺尔区,119.77237049946636,49.21844647556481,117.69453227349118,49.46777018362822,district,district,扎赉诺尔区
130,内蒙古,巴彦淖尔阳泰新能源发电有限公司,内蒙古自治区巴彦淖尔市磴口县沙拉毛道嘎查,内蒙古自治区,巴彦淖尔市,巴彦淖尔,磴口县,107.39439808372491,40.7493594895728,107.01452247000432,40.3364701771031,district,district,磴口县
131,内蒙古,武川县风盛发电有限公司,武川县得胜沟乡大顺城村武川县风盛发电有限公司升压站综合楼等3户,内蒙古自治区,呼和浩特市,呼和浩特,武川县,111.75550856170946,40.84842299711348,111.45749705623255,41.10241872379268,district,district,武川县
132,内蒙古,锡林浩特市晨辉风电有限公司正蓝旗分公司,内蒙古自治区锡林郭勒盟正蓝旗上都镇青格勒图嘎查蓝都风电场二期,内蒙古自治区,锡林郭勒盟,锡林郭勒盟,正蓝旗,116.05439144074573,43.93942266533856,115.99860388382902,42.24711884418806,district,district,正蓝旗
133,内蒙古,内蒙古中广核电力有限公司正蓝旗分公司,内蒙古自治区锡林郭勒盟正蓝旗上都镇青格勒图嘎查蓝都风电场一期,内蒙古自治区,锡林郭勒盟,锡林郭勒盟,正蓝旗,116.05439144074573,43.93942266533856,115.99860388382902,42.24711884418806,district,district,正蓝旗
134,内蒙古,中广核(内蒙古)新能源有限公司阿拉善分公司,内蒙古阿拉善左旗乌斯太镇西北方向约 23km 处,内蒙古自治区,阿拉善盟,阿拉善盟,阿拉善左旗,105.73537746449358,38.858275883056955,105.67259866528437,38.83909413743562,district,district,阿拉善左旗
135,内蒙古,中广核新能源阿拉善有限公司,内蒙古阿拉善盟阿拉善右旗阿拉腾敖包镇查干努如嘎查境内（道路）,内蒙古自治区,阿拉善盟,阿拉善盟,阿拉善右旗,105.73537746449358,38.858275883056955,101.67346389593693,39.2222409698549,district,district,阿拉善右旗
136,内蒙古,内蒙古广亿新能源有限公司,内蒙古自治区鄂尔多斯市杭锦旗独贵塔拉北工业园区,内蒙古自治区,鄂尔多斯市,鄂尔多斯,杭锦旗,109.78744317923602,39.61448231394889,108.74241293878582,39.83881576881519,district,district,杭锦旗
137,内蒙古,内蒙古核蒙新能源有限公司,内蒙古赤峰市翁牛特旗广德公镇广德公村,内蒙古自治区,赤峰市,赤峰,翁牛特旗,118.8955203975195,42.2616861034116,119.01250888001714,42.94201926223575,district,district,翁牛特旗
138,内蒙古,武川县宇辉新能源有限公司,内蒙古呼和浩特市武川县二份子乡南卜子村,内蒙古自治区,呼和浩特市,呼和浩特,武川县,111.75550856170946,40.84842299711348,111.45749705623255,41.10241872379268,district,district,武川县
139,内蒙古,中广核（兴安盟）新能源有限公司,内蒙古自治区兴安盟科右前旗阿力得尔苏木,内蒙古自治区,兴安盟,兴安盟,,122.04436452582519,46.08846371321896,122.04436452582519,46.08846371321896,prefecture,prefecture,兴安盟
140,内蒙古,中广核（兴安盟）新能源有限公司科尔沁右翼中旗分公司,内蒙古自治区兴安盟科尔沁右翼中旗高力板镇呼和索格嘎查境内,内蒙古自治区,兴安盟,兴安盟,科尔沁右翼中旗,122.04436452582519,46.08846371321896,121.48354781458434,45.06647099342768,district,district,科尔沁右翼中旗
141,内蒙古,奈曼旗明阳智慧能源有限公司,内蒙古自治区通辽市奈曼旗八仙筒镇扎哈塔拉村,内蒙古自治区,通辽市,通辽,奈曼旗,122.25052178737633,43.657980083916655,120.66464641293936,42.871846546660144,district,district,奈曼旗
142,内蒙古,开鲁县明阳智慧能源有限公司,内蒙古自治区通辽市开鲁县建华镇六合村（升压站）,内蒙古自治区,通辽市,通辽,开鲁县,122.25052178737633,43.657980083916655,121.32538568842634,43.60636943136172,district,district,开鲁县
143,甘肃 / 1+18 / 5,中广核甘肃新能源有限公司,甘肃省兰州市城关区东岗西路638号,甘肃省,兰州市,兰州,城关区,103.84052119633628,36.067234693545565,103.83147490052859,36.0631814753695,district,district,城关区
144,甘肃 / 1+18 / 5,嘉峪关核聚新能源有限公司,甘肃省嘉峪关市嘉东工业园区金港路1999号,甘肃省,嘉峪关市,嘉峪关,嘉峪关市,98.29620384300111,39.77796014739059,98.29620384300111,39.77796014739059,district,district,嘉峪关市
145,甘肃 / 1+18 / 5,民勤启源新能源有限公司,甘肃省武威市民勤县红砂岗镇周家井村振兴路3号101,甘肃省,武威市,武威,民勤县,102.64455434036918,37.93437780815811,103.10040027988245,38.630624826433106,district,district,民勤县
146,甘肃 / 1+18 / 5,中广核新能源通渭有限公司,甘肃省定西市通渭县马营镇白庄村1号,甘肃省,定西市,定西,通渭县,104.63242008306302,35.586832926561875,105.24840362210966,35.217216821266426,district,district,通渭县
147,甘肃 / 1+18 / 5,中广核太阳能敦煌有限公司,甘肃省酒泉市敦煌市七里镇215国道北侧,甘肃省,酒泉市,酒泉,敦煌市,98.50068521606795,39.73846908071564,94.66852702576244,40.14786748424431,district,district,敦煌市
148,甘肃 / 1+18 / 5,甘肃中广核风力发电有限公司,甘肃省酒泉市瓜州县渊泉镇,甘肃省,酒泉市,酒泉,瓜州县,98.50068521606795,39.73846908071564,95.78873636451216,40.526105978950454,district,district,瓜州县
149,甘肃 / 1+18 / 5,甘肃中广核永盛风力发电有限公司,甘肃省酒泉市瓜州县渊泉镇,甘肃省,酒泉市,酒泉,瓜州县,98.50068521606795,39.73846908071564,95.78873636451216,40.526105978950454,district,district,瓜州县
150,甘肃 / 1+18 / 5,中广核甘肃民勤风力发电有限公司,甘肃省武威市民勤县红沙岗镇供热站,甘肃省,武威市,武威,民勤县,102.64455434036918,37.93437780815811,103.10040027988245,38.630624826433106,district,district,民勤县
151,甘肃 / 1+18 / 5,中广核甘肃民勤第二风力发电有限公司,甘肃省武威市民勤县红沙岗镇,甘肃省,武威市,武威,民勤县,102.64455434036918,37.93437780815811,103.10040027988245,38.630624826433106,district,district,民勤县
152,甘肃 / 1+18 / 5,中广核甘肃瓜州第二风力发电有限公司,甘肃省酒泉市瓜州县渊泉镇,甘肃省,酒泉市,酒泉,瓜州县,98.50068521606795,39.73846908071564,95.78873636451216,40.526105978950454,district,district,瓜州县
153,甘肃 / 1+18 / 5,中广核甘肃瓜州风力发电有限公司,甘肃省酒泉市瓜州县渊泉镇,甘肃省,酒泉市,酒泉,瓜州县,98.50068521606795,39.73846908071564,95.78873636451216,40.526105978950454,district,district,瓜州县
154,甘肃 / 1+18 / 5,瓜州天润风电有限公司,甘肃省酒泉市瓜州县柳园镇,甘肃省,酒泉市,酒泉,瓜州县,98.50068521606795,39.73846908071564,95.78873636451216,40.526105978950454,district,district,瓜州县
155,甘肃 / 1+18 / 5,中广核羿飞（敦煌）太阳能开发有限公司,甘肃省酒泉市敦煌市215国道北侧、七里镇西南,甘肃省,酒泉市,酒泉,敦煌市,98.50068521606795,39.73846908071564,94.66852702576244,40.14786748424431,district,district,敦煌市
156,甘肃 / 1+18 / 5,中广核太阳能金塔有限公司,甘肃省酒泉市金塔县红柳洼光伏园区,甘肃省,酒泉市,酒泉,金塔县,98.50068521606795,39.73846908071564,98.9083682361721,39.99002925409325,district,district,金塔县
157,甘肃 / 1+18 / 5,中广核太阳能金昌有限公司,甘肃省金昌市金川区桂林路58号,甘肃省,金昌市,金昌,金川区,102.19460568669837,38.52582009209263,102.20058588613941,38.52577224559433,district,district,金川区
158,甘肃 / 1+18 / 5,中广核甘肃酒泉综合能源有限公司,甘肃省酒泉市肃州区东洞镇东洞滩光伏园区,甘肃省,酒泉市,酒泉,肃州区,98.50068521606795,39.73846908071564,98.51432185303162,39.75124550996345,district,district,肃州区
159,甘肃 / 1+18 / 5,中广核太阳能嘉峪关有限公司,甘肃省嘉峪关市西光伏产业园,甘肃省,嘉峪关市,嘉峪关,嘉峪关市,98.29620384300111,39.77796014739059,98.29620384300111,39.77796014739059,district,district,嘉峪关市
160,"宁夏 / 1+8,3",中广核（宁夏）新能源有限公司,宁夏银川市金凤区力德财富大厦32层05室,宁夏回族自治区,银川市,银川,金凤区,106.23849358740017,38.492460055509596,106.24956089094421,38.47869523872185,district,district,金凤区
161,"宁夏 / 1+8,3",中广核太阳能（青铜峡）开发有限公司,宁夏回族自治区青铜峡市牛首山地区,宁夏回族自治区,吴忠市,吴忠,青铜峡市,106.20537126663626,38.00371291345338,106.0853703166109,38.027412223967175,district,district,青铜峡市
162,"宁夏 / 1+8,3",宁夏索宝新能源科技发展有限责任公司,中卫市沙坡头区迎水镇迎闫公路东侧,宁夏回族自治区,中卫市,中卫,沙坡头区,105.20357090088713,37.50570141870293,105.20357090088713,37.50570141870293,district,district,沙坡头区
163,"宁夏 / 1+8,3",中卫市天云新能源科技有限公司,中卫市工业园区东扩区,宁夏回族自治区,中卫市,中卫,,105.20357090088713,37.50570141870293,105.20357090088713,37.50570141870293,prefecture,prefecture,中卫市
164,"宁夏 / 1+8,3",宁夏汇合风光新能源有限责任公司,宁夏回族自治区中卫市沙坡头区常乐镇工业园区南,宁夏回族自治区,中卫市,中卫,沙坡头区,105.20357090088713,37.50570141870293,105.20357090088713,37.50570141870293,district,district,沙坡头区
165,"宁夏 / 1+8,3",中广核宁夏中宁风力发电有限公司,中宁县大战场镇南部,宁夏回族自治区,中卫市,中卫,中宁县,105.20357090088713,37.50570141870293,105.69153719119848,37.497420805578884,district,district,中宁县
166,"宁夏 / 1+8,3",中宁县佳洋新能源有限公司,宁夏中宁县喊叫水乡碱台子村中宁县佳洋新能源有限公司1#综合楼等2号,宁夏回族自治区,中卫市,中卫,中宁县,105.20357090088713,37.50570141870293,105.69153719119848,37.497420805578884,district,district,中宁县
167,"宁夏 / 1+8,3",中广核新能源灵武有限公司,宁夏回族自治区银川市灵武市东塔银川高新技术开发区西配楼孵化器121室,宁夏回族自治区,银川市,银川,灵武市,106.23849358740017,38.492460055509596,106.34644035544825,38.108658666793254,district,district,灵武市
168,新疆,中广核新疆新能源投资有限公司,现办公地址：新疆乌鲁木齐市经济开发区（头屯河区）高铁北四路889号爱地新锐中心商业1#办公楼20-23层,新疆维吾尔自治区,乌鲁木齐市,乌鲁木齐,乌鲁木齐县,87.62443993536046,43.830763204290484,87.41602874517912,43.47708606579323,district,district,乌鲁木齐市
169,新疆,中广核新疆新能源科技有限公司,新疆巴州库尔勒市新城辖区延安路东一巷15号湖滨世纪城7栋1至2层14号,新疆维吾尔自治区,巴音郭楞蒙古自治州,巴音郭楞州,库尔勒市,86.1517138653326,41.7702873304504,86.18149430993829,41.7323732214122,district,district,库尔勒市
170,新疆,中广核新能源托里有限公司,新疆塔城地区托里县多拉特乡中广核老风口风电场,新疆维吾尔自治区,塔城地区,塔城地区,托里县,82.9872355184064,46.750948254373434,83.6129094383153,45.94274280504971,district,district,托里县
171,新疆,托里天润新能风电有限公司,新疆塔城地区托里县多拉特乡中广核老风口风电场,新疆维吾尔自治区,塔城地区,塔城地区,托里县,82.9872355184064,46.750948254373434,83.6129094383153,45.94274280504971,district,district,托里县
172,新疆,中广核新能源铁门关有限公司,34团办公地址：新疆铁门关市二十九团第二师三十四团二连中广核尉犁光伏电站 / 36团办公地址：新疆铁门关市二十九团第二师三十六团团直中广核若羌风电一场,新疆维吾尔自治区,铁门关市,铁门关,铁门关市,106.58121087123573,29.55658239110198,106.58121087123573,29.55658239110198,district,district,铁门关市
173,新疆,中广核新能源若羌有限公司,新疆巴音郭楞蒙古自治州若羌县团结路以东幸福路南侧民政局116室等29户二层666号,新疆维吾尔自治区,巴音郭楞蒙古自治州,巴音郭楞州,若羌县,86.1517138653326,41.7702873304504,88.17532444189617,39.028991037175174,district,district,若羌县
174,新疆,中广核新能源洛浦有限公司,新疆和田地区洛浦县城区街道博斯坦社区石榴花园小区3号1层105号铺,新疆维吾尔自治区,和田地区,和田地区,洛浦县,79.9285070635119,37.12044646304192,80.19538761187944,37.079611030987515,district,district,洛浦县
175,新疆,哈密博景新能源有限责任公司,新疆哈密市巴里坤哈萨克自治县军民团结路22号1号楼306室,新疆维吾尔自治区,哈密市,哈密,巴里坤哈萨克自治县,93.52121554028504,42.82582436811265,87.64994363726368,43.78822869765155,district,district,巴里坤哈萨克自治县
176,新疆,中广核新能源策勒有限公司,新疆和田地区策勒县策勒县工业园区天津路1号新疆嘉锋新型建材有限公司院内1-010室,新疆维吾尔自治区,和田地区,和田地区,策勒县,79.9285070635119,37.12044646304192,80.81320126874158,37.00412235937149,district,district,策勒县
177,新疆,新疆吉木乃中广核风力发电有限公司,新疆阿勒泰地区吉木乃县团结路东十七区,新疆维吾尔自治区,阿勒泰地区,阿勒泰地区,吉木乃县,88.14792620373527,47.85072787010195,85.88081824070636,47.44901841325684,district,district,吉木乃县
178,新疆,中广核额敏风力发电有限公司,新疆塔城地区额敏县喇嘛昭乡玛依塔斯村,新疆维吾尔自治区,塔城地区,塔城地区,额敏县,82.9872355184064,46.750948254373434,83.63337445478265,46.53188486130856,district,district,额敏县
179,新疆,新疆达坂城中广核风力发电有限公司,新疆乌鲁木齐市达坂城区达坂城镇达坂村3队79号,新疆维吾尔自治区,乌鲁木齐市,乌鲁木齐,乌鲁木齐县,87.62443993536046,43.830763204290484,87.41602874517912,43.47708606579323,district,district,乌鲁木齐市
180,新疆,新疆吉木乃中广核风力发电有限公司,新疆阿勒泰地区吉木乃县团结路东十七区,新疆维吾尔自治区,阿勒泰地区,阿勒泰地区,吉木乃县,88.14792620373527,47.85072787010195,85.88081824070636,47.44901841325684,district,district,吉木乃县
181,新疆,中广核阿勒泰风力发电有限公司,新疆阿勒泰地区阿勒泰市喀拉希力克乡5栋,新疆维吾尔自治区,阿勒泰地区,阿勒泰地区,阿勒泰市,88.14792620373527,47.85072787010195,88.13922656402383,47.83275264847511,district,district,阿勒泰市
182,新疆,中广核额敏风力发电有限公司,新疆塔城地区额敏县喇嘛昭乡玛依塔斯村,新疆维吾尔自治区,塔城地区,塔城地区,额敏县,82.9872355184064,46.750948254373434,83.63337445478265,46.53188486130856,district,district,额敏县
183,新疆,中广核哈密风力发电有限公司,新疆哈密地区哈密市环城路宝都花园4号楼4号底商,新疆维吾尔自治区,哈密市,哈密,,93.52121554028504,42.82582436811265,93.52121554028504,42.82582436811265,prefecture,prefecture,哈密市
184,新疆,中广核托克逊风力发电有限公司,新疆吐鲁番市托克逊县克尔碱火车站南侧约1.5公里处kk区5段1号楼,新疆维吾尔自治区,吐鲁番市,吐鲁番,托克逊县,89.1972972460079,42.95698484877124,88.66016435954114,42.79854583102295,district,district,托克逊县
185,新疆,中广核巴里坤风力发电有限公司,新疆哈密地区巴里坤县三塘湖乡（麻黄沟1区西01号）,新疆维吾尔自治区,哈密市,哈密,,93.52121554028504,42.82582436811265,93.52121554028504,42.82582436811265,prefecture,prefecture,哈密
186,新疆,中广核伊吾风力发电有限公司,新疆哈密地区伊吾县淖毛湖镇中广核淖毛湖风电场,新疆维吾尔自治区,哈密市,哈密,伊吾县,93.52121554028504,42.82582436811265,94.70382567128537,43.260676527466494,district,district,伊吾县
187,新疆,中广核太阳能哈密有限公司,新疆哈密市伊州区石城子光伏产业园区中广核石城子光伏电站,新疆维吾尔自治区,哈密市,哈密,伊州区,93.52121554028504,42.82582436811265,93.52132046236862,42.832824924720725,district,district,伊州区
188,新疆,中广核太阳能图木舒克有限公司,新疆图木舒克市达坂山工业园区金泰北路2号配电室,新疆维吾尔自治区,图木舒克市,图木舒克,图木舒克市,79.074965,39.867776,79.074965,39.867776,district,district,图木舒克市
189,新疆,中广核太阳能英吉沙有限公司,新疆喀什地区英吉沙县艾古斯乡莫哈力林场13号,新疆维吾尔自治区,喀什地区,喀什地区,英吉沙县,75.99639055639747,39.47609674864479,76.1820754256513,38.93567086352142,district,district,英吉沙县
190,新疆,中广核青河太阳能有限公司,新疆阿勒泰地区青河县萨尔托海乡玉依塔斯村181号,新疆维吾尔自治区,阿勒泰地区,阿勒泰地区,阿勒泰市,88.14792620373527,47.85072787010195,88.13922656402383,47.83275264847511,district,district,阿勒泰
191,新疆,中广核木垒风力发电有限公司,新疆昌吉州木垒县民生工业园区老君庙路003号,新疆维吾尔自治区,昌吉回族自治州,昌吉州,昌吉市,87.3150016244744,44.01685415991987,87.27386462195048,44.020126845938606,district,district,昌吉
192,新疆,原场所名称：哈密鑫天能源有限公司 现场所名称：中广核哈密新能源科技有限公司,新疆哈密伊州区工业园区广东工业加工区,新疆维吾尔自治区,哈密市,哈密,伊州区,93.52121554028504,42.82582436811265,93.52132046236862,42.832824924720725,district,district,伊州区
193,山西,中广核（山西）新能源投资有限公司,山西省太原市晋源区义井街道长兴南街8号1幢27层办公2708号,山西省,太原市,太原,晋源区,112.55639149167204,37.87698902884778,112.48456424072192,37.72116885784946,district,district,晋源区
194,山西,中广核新能源天镇有限公司,山西省大同市天镇县赵家沟乡舍科堡村村委会院内,山西省,大同市,大同,天镇县,113.30643625858623,40.0824687161612,114.0974775330426,40.42641219869095,district,district,天镇县
195,山西,晋中核重新能源有限公司,山西省晋中市太谷区范村镇石堡寨村,山西省,晋中市,晋中,太谷县,112.75959475565928,37.69283940975972,112.55738411926058,37.42739557731329,district,district,太谷
196,山西,中广核石楼风力发电有限公司,山西省石楼县龙交乡王家沟村,山西省,吕梁市,吕梁,石楼县,111.15044967529185,37.524497749577115,110.84159553247896,37.00447050301227,district,district,石楼县
197,山西,中广核新能源（陵川）有限公司,山西省晋城市陵川县附城镇大槲树村中广核光伏电站,山西省,晋城市,晋城,陵川县,112.85857823132879,35.49628458647257,113.28740655466288,35.781743639537595,district,district,陵川县
198,山西,中广核新能源榆社有限公司,山西省晋中市榆社县北寨乡赵王村,山西省,晋中市,晋中,榆社县,112.75959475565928,37.69283940975972,112.98159856583429,37.07636966870016,district,district,榆社县
199,山西,山西芮晴新能源科技有限公司,山西省运城市芮城县阳城镇阳干村北侧,山西省,运城市,运城,芮城县,111.01338945447925,35.03270691290923,110.70061151319877,34.69938811056296,district,district,芮城县
200,山西,中广核（右玉）风力发电有限公司,山西右玉县杨千河乡铁山堡村,山西省,朔州市,朔州,右玉县,112.4393709396677,39.337108370541735,112.47350008124718,39.99485955543098,district,district,右玉县
201,山西,中广核平陆风力发电有限公司,山西省运城市平陆县圣人涧镇槐树下村,山西省,运城市,运城,平陆县,111.01338945447925,35.03270691290923,111.22348047596425,34.84292515458109,district,district,平陆县
202,山西,中广核芮城风力发电有限公司,山西省芮城县西陌镇石湖村,山西省,运城市,运城,芮城县,111.01338945447925,35.03270691290923,110.70061151319877,34.69938811056296,district,district,芮城县
203,山西,中广核盂县风力发电有限公司,阳泉盂县西烟镇脉坡村,山西省,阳泉市,阳泉,盂县,113.58761666287546,37.862360847859385,113.4184204607489,38.091979630200996,district,district,盂县
204,山西,中广核晋中市太阳能有限公司寿阳分公司,山西省晋中市寿阳县景尚乡禹家寨村,山西省,晋中市,晋中,寿阳县,112.75959475565928,37.69283940975972,113.18341017492547,37.9013076069566,district,district,寿阳县
205,山西,大同市中广核太阳能有限公司,大同市云岗区云岗镇兴旺庄村,山西省,大同市,大同,,113.30643625858623,40.0824687161612,113.30643625858623,40.0824687161612,prefecture,prefecture,大同市
206,山西,中广核古交风力发电有限公司,山西省太原市古交市阁上乡五端山村,山西省,太原市,太原,古交市,112.55639149167204,37.87698902884778,112.18245286889747,37.912999960962374,district,district,古交市
207,山西,中广核石楼风力发电有限公司,山西省石楼县龙交乡王家沟村,山西省,吕梁市,吕梁,石楼县,111.15044967529185,37.524497749577115,110.84159553247896,37.00447050301227,district,district,石楼县
208,山西,中广核（大同）新能源有限公司,山西省大同市云州区聚乐乡,山西省,大同市,大同,云州区,113.30643625858623,40.0824687161612,113.61847103171833,40.046229886508016,district,district,云州区
209,山西,中广核阳曲县风力发电有限公司,太原市阳曲县杨兴乡水头村委会,山西省,太原市,太原,阳曲县,112.55639149167204,37.87698902884778,112.67940895159992,38.06462081944815,district,district,阳曲县
210,山西,中广核新能源（太谷）有限公司,山西省晋中市太谷区范村镇石堡寨村中广核风电场,山西省,晋中市,晋中,太谷县,112.75959475565928,37.69283940975972,112.55738411926058,37.42739557731329,district,district,太谷
211,山西,大宁县正午日电太阳能科技有限公司,山西省临汾市大宁县三多乡太仙河村,山西省,临汾市,临汾,大宁县,111.52553022403073,36.093741895419726,110.75938440881679,36.47130568709722,district,district,大宁县
212,山西,阳泉市中广核太阳能有限公司,山西省阳泉市郊区河底镇苏家泉村,山西省,阳泉市,阳泉,郊区,113.58761666287546,37.862360847859385,113.60060283681935,37.95035289294265,district,district,郊区
213,山西,中广核宁武太阳能有限公司,山西省忻州市宁武县余庄海梁上村,山西省,忻州市,忻州,宁武县,112.74062416023847,38.42238338517772,112.32639824212184,39.02434238143123,district,district,宁武县
214,山西,中广核晋中市太阳能有限公司,山西省晋中市榆次区庄子乡怀元村,山西省,晋中市,晋中,榆次区,112.75959475565928,37.69283940975972,112.71450350211099,37.703940486801216,district,district,榆次区
215,华北 / 1+8 / 3,中广核新能源投资（深圳）有限公司河北分公司,河北省石家庄市桥西区中山西路108号华润万象城01-2801,河北省,石家庄市,石家庄,桥西区,114.46902163264978,38.052097109846855,114.46741977426439,38.010381080199444,district,district,桥西区
216,华北 / 1+8 / 3,中广核（察北）风力发电有限公司,河北省张家口市察北区白塔管理处,河北省,张家口市,张家口,,114.89257223145165,40.7732372026915,114.89257223145165,40.7732372026915,prefecture,prefecture,张家口市
217,华北 / 1+8 / 3,中广核沽源黄盖淖风力发电有限公司,沽源县新城街北街北环路北经济开发区小微产业园区3号楼三层307,河北省,张家口市,张家口,沽源县,114.89257223145165,40.7732372026915,115.69540744877906,41.676015876096564,district,district,沽源县
218,华北 / 1+8 / 3,中广核（尚义）风力发电有限公司,尚义县石井乡东山村,河北省,张家口市,张家口,尚义县,114.89257223145165,40.7732372026915,113.97580941782127,41.08221563982466,district,district,尚义县
219,华北 / 1+8 / 3,中广核平山太阳能发电有限公司,河北省石家庄市平山县宅北乡石古洞村东,河北省,石家庄市,石家庄,平山县,114.46902163264978,38.052097109846855,113.98543503085234,38.271951013310805,district,district,平山县
220,华北 / 1+8 / 3,中广核清河县光伏发电有限公司,河北省邢台市清河县连庄镇冬野庄村北三百米,河北省,邢台市,邢台,邢台县,115.0316624430557,37.07716685005908,114.14341085817597,37.17710928752027,district,district,邢台市
221,华北 / 1+8 / 3,中广核宁晋县光伏发电有限公司,河北省邢台市宁晋县凤凰镇刘路村,河北省,邢台市,邢台,邢台县,115.0316624430557,37.07716685005908,114.14341085817597,37.17710928752027,district,district,邢台市
222,华北 / 1+8 / 3,北京中广核海丰光伏科技有限公司,北京市昌平区农场路绿海家园西南侧一起农场海丰光伏电站,北京市,北京市,北京,昌平区,116.4133836971231,39.910924547299565,116.23761791731043,40.22641337159427,district,district,昌平区
223,华北 / 1+8 / 3,中广核新能源平乡县有限公司,河北省邢台市平乡县寻召乡午时村,河北省,邢台市,邢台,邢台县,115.0316624430557,37.07716685005908,114.14341085817597,37.17710928752027,district,district,邢台市
224,山东,中广核（山东）新能源投资有限公司,山东省济南市历下区山左路1804号金石中心西塔楼1301,山东省,济南市,济南,历下区,117.12639941261048,36.65655420178723,117.08256731389552,36.67216295004278,district,district,历下区
225,山东,莱州蓝色海洋新能源有限公司,山东省烟台市莱州市沙河镇大东庄村委北3000米,山东省,烟台市,烟台,莱州市,121.45441541730195,37.470038383730525,119.94859307736998,37.18263660907421,district,district,莱州市
226,山东,中广核新能源（莱州市）有限公司,山东省烟台市莱州市土山镇掖盐路北,山东省,烟台市,烟台,莱州市,121.45441541730195,37.470038383730525,119.94859307736998,37.18263660907421,district,district,莱州市
227,山东,中广核新能源（烟台）有限公司,山东省烟台市招远市辛庄镇206国道西150米,山东省,烟台市,烟台,招远市,121.45441541730195,37.470038383730525,120.44060165264568,37.36113714256612,district,district,招远市
228,山东,安丘太平山风电有限公司,山东省安丘市郚山镇乔宅子村（太平山顶）1、2号,山东省,潍坊市,潍坊,安丘市,119.16837791142822,36.71265155126753,119.2256075181801,36.483842195596104,district,district,安丘市
229,山东,沂水唐王山风力发电有限公司,山东省安丘市郚山镇乔宅子村（太平山顶）1、2号沂水唐王山风力发电,山东省,潍坊市,潍坊,安丘市,119.16837791142822,36.71265155126753,119.2256075181801,36.483842195596104,district,district,安丘市
230,山东,文登张家产风力发电有限公司,山东省威海市文登区张家产镇岚东线,山东省,威海市,威海,文登区,122.12754097831325,37.5164305480148,122.06442836877653,37.20011332831649,district,district,文登区
231,山东,中广核（临朐）风力发电有限公司,山东省潍坊市临朐县龙岗镇杭山村西南2千米,山东省,潍坊市,潍坊,临朐县,119.16837791142822,36.71265155126753,118.54944999641151,36.519129501827656,district,district,临朐县
232,山东,中广核临朐龙岗风力发电有限公司,山东省潍坊市临朐县龙岗镇杭山村西南2千米,山东省,潍坊市,潍坊,临朐县,119.16837791142822,36.71265155126753,118.54944999641151,36.519129501827656,district,district,临朐县
233,山东,中广核沂水风力发电有限公司,山东省沂水县沙沟镇黄土泉村C00945号,山东省,临沂市,临沂,沂水县,118.36353300501388,35.11067124236514,118.63461726384591,35.79618058471814,district,district,沂水县
234,山东,中广核安丘风力发电有限公司,潍坊市安丘市石埠子镇车厢村,山东省,潍坊市,潍坊,安丘市,119.16837791142822,36.71265155126753,119.2256075181801,36.483842195596104,district,district,安丘市
235,山东,中广核招远张星风力发电有限公司,山东省烟台市招远市张星镇大岚村西,山东省,烟台市,烟台,招远市,121.45441541730195,37.470038383730525,120.44060165264568,37.36113714256612,district,district,招远市
236,山东,中广核淄博风力发电有限公司,山东省淄博市博山区八陡镇中广核淄博风力发电有限公司,山东省,淄博市,淄博,博山区,118.06145253489896,36.81908568332188,117.86846875371543,36.500847855130566,district,district,博山区
237,山东,中广核淄博淄川风力发电有限公司,山东省淄博市博山区八陡镇中广核淄博淄川风力发电有限公司,山东省,淄博市,淄博,博山区,118.06145253489896,36.81908568332188,117.86846875371543,36.500847855130566,district,district,博山区
238,山东,中广核（庆云）风力发电有限公司,山东省德州市庆云县祥园街徐园子乡人民政府西南侧中广核（庆云）风力发电有限公司,山东省,德州市,德州,庆云县,116.36555674397471,37.441308454576266,117.39145244824853,37.78158531885699,district,district,庆云县
239,山东,德州安务能源有限公司,山东省德州市庆云县祥园街徐园子乡人民政府西南侧德州安务能源有限公司,山东省,德州市,德州,庆云县,116.36555674397471,37.441308454576266,117.39145244824853,37.78158531885699,district,district,庆云县
240,山东,沂水龙山风力发电有限公司,山东省沂水县圈里乡茅坪村c00946号1号房2号房,山东省,临沂市,临沂,沂水县,118.36353300501388,35.11067124236514,118.63461726384591,35.79618058471814,district,district,沂水县
241,山东,中广核（枣庄）风力发电有限公司,山东省枣庄市山亭区抱犊崮路1068号,山东省,枣庄市,枣庄,山亭区,117.33054194483897,34.815994048435115,117.4674431655763,35.10569198076537,district,district,山亭区
242,山东,中广核新能源（德州）有限公司,山东省德州市乐陵市铁营镇西营村西南 / 山东省德州市乐陵市朱集镇席家村,山东省,德州市,德州,乐陵市,116.36555674397471,37.441308454576266,117.23840643173311,37.73592450080975,district,district,乐陵市
243,山东,冠县中广新能源有限公司,山东省冠县清水镇西汪村芦行东南侧,山东省,聊城市,聊城,冠县,115.99158784830443,36.46275818769411,115.44939579503601,36.49024322539373,district,district,冠县
244,山东,潍坊中广核能源有限公司,山东省安丘市郚山镇,山东省,潍坊市,潍坊,安丘市,119.16837791142822,36.71265155126753,119.2256075181801,36.483842195596104,district,district,安丘市
245,山东,德州尚堂新能源有限公司,山东省德州市庆云县常家镇坡张村西 / 山东省德州市庆云县尚堂镇,山东省,德州市,德州,庆云县,116.36555674397471,37.441308454576266,117.39145244824853,37.78158531885699,district,district,庆云县
246,山东,德州润风新能源有限公司,山东省德州市庆云县徐园子乡政府对面,山东省,德州市,德州,庆云县,116.36555674397471,37.441308454576266,117.39145244824853,37.78158531885699,district,district,庆云县
247,河南,中广核（河南）新能源投资有限公司,河南自贸试验区郑州片区（郑东）金水东路51号（楷林中心）8座14、15楼,河南省,郑州市,郑州,,113.63141920733915,34.75343885045448,113.63141920733915,34.75343885045448,prefecture,prefecture,郑州
248,河南,鄢陵中广核新能源有限公司,鄢陵县产业集聚区金汇大道2号,河南省,许昌市,许昌,鄢陵县,113.85847553685502,34.04143161161871,114.18463769125088,34.108881697659704,district,district,鄢陵县
249,河南,中广核新能源信阳有限公司固始分公司,河南省信阳市固始县杨集乡秀水路66号,河南省,信阳市,信阳,固始县,114.09748283304512,32.15301454753105,115.66048788818134,32.17417437962212,district,district,固始县
250,河南,内黄长江昊诚电力有限公司,内黄县六村乡破车口村西段南侧,河南省,安阳市,安阳,内黄县,114.39950042177432,36.10594098401491,114.90758875550918,35.97694966806135,district,district,内黄县
251,河南,长垣中广核太阳能有限公司,长垣县魏庄镇参木社区AS区1排118号,河南省,新乡市,新乡,长垣市,113.93360046733228,35.3096399303368,114.67560989145973,35.20719822456536,district,district,长垣县
252,河南,济源中广核新能源有限公司,济源市虎岭产业集聚区河南巨力钢丝绳制造有限公司厂区,河南省,济源市,济源,济源市,112.58830020169196,35.111359097363554,112.58830020169196,35.111359097363554,district,district,济源市
253,河南,河南红安浩月能源有限公司,内黄县马上乡李善义村,河南省,安阳市,安阳,内黄县,114.39950042177432,36.10594098401491,114.90758875550918,35.97694966806135,district,district,内黄县
254,河南,汝州天汇风电有限公司,河南省平顶山市汝州市蟒川镇寺上村蟒川风电场、汝州市大峪镇下焦村大峪风电场,河南省,平顶山市,平顶山,汝州市,113.19952856052156,33.772050748691015,112.85054971566392,34.17276778855066,district,district,汝州市
255,河南,中电装备登电登封市风电有限责任公司,河南省郑州市登封市宣化镇荟萃山村,河南省,郑州市,郑州,登封市,113.63141920733915,34.75343885045448,113.05642283345736,34.45969746171987,district,district,登封市
256,河南,兰考中广核新能源有限公司,河南省兰考县小宋镇小宋东村中广核新能源源丰风电场 / 河南省兰考县仪封镇台棚村中广核新能源颢天风电场,河南省,开封市,开封,兰考县,114.31459258497121,34.80288581121172,114.8274607124941,34.828492897237666,district,district,兰考县
257,河南,中广核（汝阳）新能源有限公司,河南省洛阳市汝阳县柏树乡黄路村北侧阳新风电场,河南省,洛阳市,洛阳,汝阳县,112.4594212983115,34.62426277921943,112.47950327730925,34.15984336489338,district,district,汝阳县
258,河南,禹州中广核新能源有限公司,河南省许昌市禹州市浅井镇张地村广景风电场,河南省,许昌市,许昌,禹州市,113.85847553685502,34.04143161161871,113.49522360557991,34.14826652246125,district,district,禹州市
259,河南,中广核林州风力发电有限公司,河南省安阳市林州市临淇镇占元村占元风电场,河南省,安阳市,安阳,安阳县,114.39950042177432,36.10594098401491,114.23838187262405,36.218906964195526,district,district,安阳市
260,河南,中广核扶沟县新能源有限公司,河南省周口市扶沟县曹里乡顾家村西,河南省,周口市,周口,扶沟县,114.70348251482332,33.6318288757022,114.4015098413696,34.065906253969246,district,district,扶沟县
261,河南,中广核沈丘县新能源有限公司,河南省周口市沈丘县赵德营镇怡馨家园1单元5楼502,河南省,周口市,周口,沈丘县,114.70348251482332,33.6318288757022,115.10545545595329,33.41569109405895,district,district,沈丘县
262,河南,安阳县中昊光伏电力有限公司,河南省安阳市殷都区洪河屯乡营房村西营房光伏电站,河南省,安阳市,安阳,殷都区,114.39950042177432,36.10594098401491,114.30959755718298,36.11575825553694,district,district,殷都区
263,河南,林州市新创太阳能有限公司,林州市横水镇上台村东南,河南省,安阳市,安阳,林州市,114.39950042177432,36.10594098401491,113.82559018908465,36.08885320844752,district,district,林州市
264,河南,永城市中广核新能源有限公司,河南省商丘市永城市裴桥镇李阁村卧虎风电场,河南省,商丘市,商丘,永城市,115.66244933826238,34.4202016658586,116.45556614759954,33.93480147585089,district,district,永城市
265,河南,兰考县广域新能源有限公司,河南省开封市兰考县经开区科技路与南环路交叉口北300米企业服务港201室,河南省,开封市,开封,兰考县,114.31459258497121,34.80288581121172,114.8274607124941,34.828492897237666,district,district,兰考县
266,河南,中广核南召县新能源有限公司,南召县留山镇西街,河南省,南阳市,南阳,南召县,112.53450131351325,32.99656220465144,112.43542522254566,33.49618580462491,district,district,南召县
267,河南,中广核叶县新能源有限公司,河南省叶县夏李乡人民政府办公楼215号,河南省,平顶山市,平顶山,叶县,113.19952856052156,33.772050748691015,113.36358241275624,33.632491674058336,district,district,叶县
268,安徽 / 1+14 / 4,中广核（安徽）新能源投资有限公司,安徽省合肥市滨湖区徽州大道4872号金融港中心B15幢,安徽省,合肥市,合肥,,117.23344266497664,31.826577833686887,117.23344266497664,31.826577833686887,prefecture,prefecture,合肥市
269,安徽 / 1+14 / 4,巢湖槐林风电有限公司,安徽省合肥市巢湖市槐林镇巢南林场巢湖观湖风电场生产楼1楼,安徽省,合肥市,合肥,巢湖市,117.23344266497664,31.826577833686887,117.89557620044565,31.629002428816317,district,district,巢湖市
270,安徽 / 1+14 / 4,巢湖观湖风电有限公司,安徽省合肥市巢湖市槐林镇巢南林场巢湖观湖风电场生产楼1楼,安徽省,合肥市,合肥,巢湖市,117.23344266497664,31.826577833686887,117.89557620044565,31.629002428816317,district,district,巢湖市
271,安徽 / 1+14 / 4,中广核全椒风力发电有限公司,安徽省滁州市全椒县马厂镇复兴村老熊组30号,安徽省,滁州市,滁州,全椒县,118.33940613596579,32.26127087204081,118.28058428269748,32.091939797603374,district,district,全椒县
272,安徽 / 1+14 / 4,宣城远景风电有限公司,安徽省广德市邱村镇新村230省道与013省道交叉路口东200米处,安徽省,宣城市,宣城,广德市,118.76553424276743,30.94660154529291,119.42747581034895,30.883667102643013,district,district,广德市
273,安徽 / 1+14 / 4,中广核新能源巢湖有限公司,安徽省合肥市巢湖市坝镇石塘村20WM分布式光伏项目2幢,安徽省,合肥市,合肥,巢湖市,117.23344266497664,31.826577833686887,117.89557620044565,31.629002428816317,district,district,巢湖市
274,安徽 / 1+14 / 4,中广核太阳能巢湖有限公司,安徽省合肥市巢湖市栏杆集镇柳集社区巢湖洪桥一期20MW分布式光伏发电项目办公楼,安徽省,合肥市,合肥,巢湖市,117.23344266497664,31.826577833686887,117.89557620044565,31.629002428816317,district,district,巢湖市
275,安徽 / 1+14 / 4,中广核（合肥）新能源有限公司,合肥市高新区合欢路A1-6地块天怡工业园2号厂房101室,安徽省,合肥市,合肥,,117.23344266497664,31.826577833686887,117.23344266497664,31.826577833686887,prefecture,prefecture,合肥市
276,安徽 / 1+14 / 4,中广核（当涂）新能源有限公司,马鞍山市当涂县大陇镇双潭湖北侧当涂太白光伏电站生产楼1楼,安徽省,马鞍山市,马鞍山,当涂县,118.5135795794315,31.676265597609103,118.50460469891183,31.576649154711316,district,district,当涂县
277,安徽 / 1+14 / 4,中广核新能源（定远）有限公司,安徽省滁州市定远县七里塘乡政府办公楼三楼,安徽省,滁州市,滁州,定远县,118.33940613596579,32.26127087204081,117.70447068625293,32.53704661348729,district,district,定远县
278,安徽 / 1+14 / 4,中广核新能源六安有限公司,安徽省六安市霍邱县花园镇245省道与034县道交叉口北260米花园村芙蓉光伏电站生产楼1楼,安徽省,六安市,六安,霍邱县,116.52640966418569,31.741450815322555,116.28439133775672,32.3593435909225,district,district,霍邱县
279,安徽 / 1+14 / 4,中广核新能源（宣城）有限公司,安徽省宣城市宣州区养贤乡驻地南侧S322省道东南侧生活楼,安徽省,宣城市,宣城,宣州区,118.76553424276743,30.94660154529291,118.76254944304942,30.952158157984414,district,district,宣州区
280,安徽 / 1+14 / 4,中广核新能源安徽有限公司凤阳分公司,安徽省滁州市凤阳县府城镇大通桥村凤阳东高速口东侧100米,安徽省,滁州市,滁州,凤阳县,118.33940613596579,32.26127087204081,117.5385853687445,32.88097672525767,district,district,凤阳县
281,安徽 / 1+14 / 4,定远远丰风力发电有限公司,安徽省滁州市定远县仓镇蒋庄041乡道北50米定远远丰风电场(仅限办公用途）,安徽省,滁州市,滁州,定远县,118.33940613596579,32.26127087204081,117.70447068625293,32.53704661348729,district,district,定远县
282,贵州,中广核（贵州）新能源有限公司,贵州省贵阳市高新区长岭南路28号西部研发基地3号楼21层,贵州省,贵阳市,贵阳,,106.63657676352776,26.653324822309752,106.63657676352776,26.653324822309752,prefecture,prefecture,贵阳市
283,贵州,中广核贵州龙里风力发电有限公司,贵州省龙里县龙山镇团结村中广核龙里风电场,贵州省,黔南布依族苗族自治州,黔南州,龙里县,107.5284027057371,26.260616196073833,106.98658596468972,26.459080630641683,district,district,龙里县
284,贵州,中广核贵州贵定风力发电有限公司,贵州省黔南州贵定县昌明镇岩下社区盐井组,贵州省,黔南布依族苗族自治州,黔南州,贵定县,107.5284027057371,26.260616196073833,107.2405543594035,26.590659655038948,district,district,贵定县
285,贵州,中广核贵州麻江风力发电有限公司,贵州省黔东南苗族侗族自治州麻江县坝芒乡大开田村,贵州省,黔东南苗族侗族自治州,黔东南州,麻江县,107.9894462407788,26.58970296982603,107.59555140190797,26.496807595584382,district,district,麻江县
286,贵州,中广核贵州都匀风力发电有限公司,都匀市平浪镇卡鲁村石板寨78号,贵州省,黔南布依族苗族自治州,黔南州,都匀市,107.5284027057371,26.260616196073833,107.52540443143744,26.266117957788534,district,district,都匀市
287,贵州,中广核贵州桐梓风力发电有限公司,桐梓县新站镇花坝风电场升压站,贵州省,遵义市,遵义,桐梓县,106.93342774801829,27.731700878916666,106.83248902060909,28.139468384162452,district,district,桐梓县
288,贵州,中广核贵州开阳风力发电有限公司,开阳县高寨乡杠寨村1幢,贵州省,贵阳市,贵阳,开阳县,106.63657676352776,26.653324822309752,106.97155955927653,27.06367357395087,district,district,开阳县
289,贵州,中广核贵州雷山风力发电有限公司,贵州省黔东南州雷山县五星村与独南村交界处,贵州省,黔东南苗族侗族自治州,黔东南州,雷山县,107.9894462407788,26.58970296982603,108.08452891457038,26.384205121689497,district,district,雷山县
290,贵州,中广核（黔西南州）新能源有限公司,贵州省黔西南州贞丰县长田镇金叶新村,贵州省,黔西南布依族苗族自治州,黔西南州,贞丰县,106.03857397725803,27.014344747084042,105.65655958807493,25.39212396534147,district,district,贞丰县
291,贵州,中广核贵州安顺关岭新能源有限公司,贵州省安顺市关岭县岗乌镇纳磨村,贵州省,安顺市,安顺,,105.95441712388904,26.25925237871499,105.95441712388904,26.25925237871499,prefecture,prefecture,安顺市
292,贵州,中广核贵州黔西南普安太阳能有限公司,贵州省黔西南州普安县新店镇新店社区大冲组,贵州省,黔西南布依族苗族自治州,黔西南州,普安县,106.03857397725803,27.014344747084042,104.95954583801976,25.789951769128603,district,district,普安县
293,贵州,中广核贵州黔西南新能源有限公司,贵州省黔西南州晴隆县安谷乡四合村大地头组苦蒜坪,贵州省,黔西南布依族苗族自治州,黔西南州,晴隆县,106.03857397725803,27.014344747084042,105.22548361466674,25.841047900453187,district,district,晴隆县
294,贵州,中广核黔西南册亨新能源有限公司,贵州省黔西南册亨县丫他镇板街村者磨组、贵州省黔西南州册亨县丫他镇板街村,贵州省,黔西南布依族苗族自治州,黔西南州,册亨县,106.03857397725803,27.014344747084042,105.81851050705725,24.98963749425246,district,district,册亨县
295,贵州,中广核新能源平塘有限公司,贵州省黔南布依族苗族自治州平塘县金盆街道新区行政中心二楼,贵州省,黔南布依族苗族自治州,黔南州,平塘县,107.5284027057371,26.260616196073833,107.32956664388286,25.828201706901762,district,district,平塘县
296,湖北 / 1+16=4,中广核（湖北）新能源投资有限公司,湖北省武汉市武昌区徐东大街6号汇通新长江中心A座21楼1-5号,湖北省,武汉市,武汉,武昌区,114.31158155473231,30.598466736400987,114.32254851755089,30.559566983522483,district,district,武昌区
297,湖北 / 1+16=4,中广核湖北大悟风力发电有限公司,湖北省孝感市大悟县城关镇将军大道中广核新能源技术服务中心 / 湖北省孝感市大悟县丰店镇燕山村 / 湖北省孝感市大悟县大新镇悟峰村 / 湖北省大悟县城关镇七里村,湖北省,孝感市,孝感,大悟县,113.92251007733665,30.930689227018295,114.1334125381888,31.567219806641464,district,district,大悟县
298,湖北 / 1+16=4,中广核湖北利川风力发电有限公司,湖北省恩施州利川市柏杨坝镇双塘村、湖北省恩施州利川市柏杨坝镇寒池乡么棚村、湖北省恩施土家族苗族自治州利川市元堡乡友联村,湖北省,恩施土家族苗族自治州,恩施州,利川市,109.49459261857503,30.277939575301094,108.94248057755993,30.297203443679802,district,district,利川市
299,湖北 / 1+16=4,中广核湖北阳新风力发电有限公司,湖北省黄石市阳新县富池镇丰山村,湖北省,黄石市,黄石,阳新县,115.04553290894361,30.205207848941598,115.22142677197253,29.836541808086142,district,district,阳新县
300,湖北 / 1+16=4,中广核大悟阳平风力发电有限公司,湖北省孝感市大悟县城关镇将军大道中广核新能源技术服务中心 / 湖北省孝感市大悟县四姑镇羊角村 / 湖北省孝感市大悟县宣化店镇万畈村 / 湖北省孝感市大悟县高店乡凉亭村 / 湖北省孝感市大悟县阳平镇虎岗村,湖北省,孝感市,孝感,大悟县,113.92251007733665,30.930689227018295,114.1334125381888,31.567219806641464,district,district,大悟县
301,湖北 / 1+16=4,中广核湖北广水风力发电有限公司,湖北省随州广水市郝店镇铁城村、湖北省随州市广水市长岭镇万安村,湖北省,随州市,随州,广水市,113.38945001822157,31.6965167723283,113.83259337884046,31.6224760380074,district,district,广水市
302,湖北 / 1+16=4,中广日升（郧县）新能源有限公司,湖北省十堰市郧阳区柳陂镇金矿村,湖北省,十堰市,十堰,郧阳区,110.80452956069568,32.63506185840116,110.81857654361632,32.84059241303827,district,district,郧阳区
303,湖北 / 1+16=4,中广核太阳能随州有限公司,湖北省随州市曾都区万店镇九里岗村,湖北省,随州市,随州,曾都区,113.38945001822157,31.6965167723283,113.37751333460498,31.722122861270798,district,district,曾都区
304,湖北 / 1+16=4,中广核湖北通山风力发电有限公司,湖北省咸宁市通山县国有大幕山林场、湖北省咸宁市通山县大畈镇官塘村,湖北省,咸宁市,咸宁,通山县,114.32851909026844,29.847055947646492,114.48939330026687,29.61263433805842,district,district,通山县
305,湖北 / 1+16=4,中广核新能源枣阳有限公司,湖北省襄阳市枣阳市七方镇秦庄村,湖北省,襄阳市,襄阳,枣阳市,112.12853720100244,32.014796804669224,112.77847075950989,32.13472991431875,district,district,枣阳市
306,湖北 / 1+16=4,中广核新能源钟祥有限公司,湖北省荆门市钟祥市胡集镇大竹园村,湖北省,荆门市,荆门,钟祥市,112.20639298023002,31.041732575569622,112.59447102156223,31.174029854963006,district,district,钟祥市
307,湖北 / 1+16=4,中广核新能源襄阳有限公司,湖北省襄阳市襄州区龙王镇符庄村、湖北省襄阳市襄州区龙王镇王告湾、湖北省襄阳市襄州区古驿镇外沟村,湖北省,襄阳市,襄阳,襄州区,112.12853720100244,32.014796804669224,112.21843413677742,32.093375783399296,district,district,襄州区
308,湖北 / 1+16=4,中广核新能源湖北有限公司天门分公司,湖北省天门市马湾镇汪李家湾,湖北省,天门市,天门,天门市,114.34844073658718,30.551600064658352,114.34844073658718,30.551600064658352,district,district,天门市
309,湖北 / 1+16=4,中广核新能源公安县有限公司,湖北省荆州市公安县青吉工业园民生三路、公安县毛家港镇红光村,湖北省,荆州市,荆州,公安县,112.24552262926137,30.340842107742912,112.23650157583852,30.064400686806085,district,district,公安县
310,湖北 / 1+16=4,中广核（湖北）新能源投资有限公司浠水分公司,湖北省黄冈市稀水县清泉镇许畈村,湖北省,黄冈市,黄冈,浠水县,114.87849048410779,30.4593588576181,115.2715690328918,30.457460842265274,district,district,浠水
311,湖北 / 1+16=4,中广核（湖北）新能源投资有限公司咸宁分公司,湖北省咸宁市咸安区咸安经济开发区兴旺路与巾帼路交叉口,湖北省,咸宁市,咸宁,咸安区,114.32851909026844,29.847055947646492,114.30456990605815,29.85815391515437,district,district,咸安区
312,广西 / 3,中广核新能源广西有限公司,中国（广西）自由贸易试验区南宁片区五象大道399号龙光国际1号楼16层层1601号办公,广西壮族自治区,南宁市,南宁,,108.37345082581861,22.822606601187154,108.37345082581861,22.822606601187154,prefecture,prefecture,南宁
313,广西 / 3,灵山县远鑫风力发电有限公司,广西壮族自治区钦州市灵山县灵城街道钟秀路3号森源锦绣荔城2幢1单元802号,广西壮族自治区,钦州市,钦州,灵山县,108.66058016842224,21.986593539484296,109.29747796631128,22.42241332670075,district,district,灵山县
314,广西 / 3,中广核新能源凌云有限公司,广西壮族自治区百色市凌云县伶站瑶族乡伶兴村（2#辅助用房）,广西壮族自治区,百色市,百色,凌云县,106.62458932565383,23.908185934295958,106.56841567704747,24.354015240603566,district,district,凌云县
315,广西 / 3,兴业中广核新能源有限公司,兴业县城西区高速引线升压站地块的附属用房,广西壮族自治区,玉林市,玉林,兴业县,110.1884531233724,22.659830509953142,109.881551807009,22.742267653422893,district,district,兴业县
316,广西 / 3,中广核兴业风力发电有限公司,兴业县城西区高速引线升压站地块的附属用房,广西壮族自治区,玉林市,玉林,兴业县,110.1884531233724,22.659830509953142,109.881551807009,22.742267653422893,district,district,兴业县
317,广西 / 3,北流大冲山风电有限公司,北流市六靖镇龙湾村,广西壮族自治区,玉林市,玉林,北流市,110.1884531233724,22.659830509953142,110.36057016580777,22.713958021611358,district,district,北流市
318,广西 / 3,中广核钟山风力发电有限公司,钟山县钟山镇牛岩村委桐油冲,广西壮族自治区,贺州市,贺州,钟山县,111.57352631416218,24.409450902865487,111.3095857401549,24.53167310793877,district,district,钟山县
319,广西 / 3,中广核贵港港南风力发电有限公司,广西壮族自治区贵港市港南区木格镇云垌村,广西壮族自治区,贵港市,贵港,港南区,109.60552031033306,23.117448382037534,109.60655345149974,23.081239578360368,district,district,港南区
320,广西 / 3,中广核新能源岑溪有限公司,岑溪市水汶镇大卫村207国道旁,广西壮族自治区,梧州市,梧州,岑溪市,111.28551681182014,23.48274528113516,111.00143182658881,22.92462127871964,district,district,岑溪市
321,广西 / 3,中广核新能源乐业有限公司,广西百色市乐业县逻沙乡全达村茶树林屯【一照多址企业】,广西壮族自治区,百色市,百色,乐业县,106.62458932565383,23.908185934295958,106.56342972214655,24.783216467052593,district,district,乐业县
322,四川,中广核（四川）新能源科技有限公司,四川省成都市青羊区敬业路229号5栋2单元,四川省,成都市,成都,青羊区,104.08153351042463,30.655821878416408,104.06744547494219,30.680037807006812,district,district,青羊区
323,四川,中广核盐源太阳能有限公司,四川省凉山州盐源县棉桠乡核桃园村,四川省,凉山彝族自治州,凉山州,盐源县,102.2735026809702,27.88775230036972,101.5154291291499,27.4281548677411,district,district,盐源县
324,四川,绵阳三江美亚水电有限公司,四川省绵阳市二环路南段2号,四川省,绵阳市,绵阳,,104.6855618607612,31.473663048745863,104.6855618607612,31.473663048745863,prefecture,prefecture,绵阳市
325,四川,会理天建新能源电力有限责任公司,会理市彰冠镇万红村办公地址：攀枝花市米易县攀莲镇柳溪村,四川省,攀枝花市,攀枝花,米易县,101.72554117091441,26.58803317333301,102.11644043040211,26.89696797612047,district,district,米易县
326,四川,甘孜县宸光光伏发电有限公司,四川省甘孜藏族自治州甘孜县斯俄乡四村,四川省,甘孜藏族自治州,甘孜州,甘孜县,101.96854674579022,30.05527884351838,99.99921035085072,31.628956694034013,district,district,甘孜县
327,四川,中广核攀枝花米易风力发电有限公司,攀枝花市米易县攀莲镇安宁路191号506室 / 办公地址：攀枝花市米易县攀莲镇柳溪村,四川省,攀枝花市,攀枝花,米易县,101.72554117091441,26.58803317333301,102.11644043040211,26.89696797612047,district,district,米易县
328,四川,中广核泸州古蔺风力发电有限公司,四川省古蔺县德耀镇凤凰村2组 / 办公地址1：四川省古蔺县皇华镇马洱山风电场 / 办公地址2：四川省古蔺县德耀镇凤凰村2组,四川省,泸州市,泸州,古蔺县,105.4485240693266,28.87766830360723,105.81914219549165,28.044757961922556,district,district,古蔺县
329,四川,中广核（剑阁）风力发电有限公司,四川省广元市剑阁县白龙镇摇铃风电场升压站1幢 / 办公地址：四川省广元市剑阁县开封镇作坊村西坪坊风电场,四川省,广元市,广元,剑阁县,105.85042318166482,32.44161630531542,105.53157601886727,32.29347851677268,district,district,剑阁县
330,四川,中广核绵阳梓潼风力发电有限公司,四川省绵阳市梓潼县经开区文昌大道南段970号 / 办公地址：四川省广元市剑阁县开封镇作坊村西坪坊风电场,四川省,绵阳市,绵阳,梓潼县,104.6855618607612,31.473663048745863,105.17756684281485,31.648313467681294,district,district,梓潼县
331,西藏,中广核(西藏）新能源投资有限公司,拉萨市柳梧新区察古大道9号顺通冈仁国际B栋18层 / 办公地址：拉萨市柳梧新区察古大道9号顺通冈仁国际B栋18层,西藏自治区,拉萨市,拉萨,,91.12082391546393,29.65004027476773,91.12082391546393,29.65004027476773,prefecture,prefecture,拉萨市
332,西藏,中广核新能源（工布江达）有限公司,西藏自治区林芝市工布江达县新区经四路北段税务局,西藏自治区,林芝市,林芝,工布江达县,94.36805828713257,29.654042176951524,93.25241979667781,29.891367616240817,district,district,工布江达县
333,西藏,中广核太阳能（桑日）开发有限公司,桑日县桑日镇赤康村,西藏自治区,山南市,山南,桑日县,91.77867513851903,29.243026939249226,92.0221572536961,29.265175836421495,district,district,桑日县
334,西藏,拉孜中广核太阳能有限公司,拉孜县嘉定路2号,西藏自治区,日喀则市,日喀则,拉孜县,88.89370303482552,29.275657822511512,87.64364731807402,29.08750967999499,district,district,拉孜县
335,西藏,中广核（谢通门）太阳能有限责任公司,西藏自治区日喀则市谢通门县恩久塘A区,西藏自治区,日喀则市,日喀则,谢通门县,88.89370303482552,29.275657822511512,88.26820679995701,29.438142414131967,district,district,谢通门县
336,陕西,中广核新能源（陕西）有限公司,陕西省西安市高新区高新一路40号万科金域国际A座8楼（801-812室）,陕西省,西安市,西安,,108.94646555063274,34.34726881662395,108.94646555063274,34.34726881662395,prefecture,prefecture,西安市
337,陕西,定边远边汇新能源有限公司,陕西省榆林市定边县红柳沟镇赵尔庄村如意风电场,陕西省,榆林市,榆林,定边县,109.74161603381395,38.290883835484046,107.60756957446472,37.60045986534103,district,district,定边县
338,陕西,合阳智远新能源有限公司,陕西省渭南市合阳县王村镇井溢村村委会办公楼一楼西侧,陕西省,渭南市,渭南,合阳县,109.51658960525897,34.50571551675255,110.15539621273652,35.243872196865574,district,district,合阳县
339,陕西,横山煜龙新能源有限公司,陕西省榆林市横山区雷龙湾镇沙郭梁村村委会正东1000米处,陕西省,榆林市,榆林,横山区,109.74161603381395,38.290883835484046,109.3004913453371,37.96857339416575,district,district,横山区
340,陕西,铜川中广新能源有限公司,陕西省铜川市耀州区天宝路街道办崔兴村生活附属用房10101室,陕西省,铜川市,铜川,耀州区,108.95240424835922,34.902637080502906,108.98643790006298,34.9159603091095,district,district,耀州区
341,陕西,陕西靖边盛高新能源有限责任公司,陕西省榆林市靖边县东坑镇四十里铺村6组风电场院内,陕西省,榆林市,榆林,靖边县,109.74161603381395,38.290883835484046,108.80060049853356,37.60506319395491,district,district,靖边县
342,陕西,中广核陕西潼关风力发电有限公司,陕西省渭南市潼关县城关镇庆丰社区亢家寨村南1000米吴村风电场,陕西省,渭南市,渭南,潼关县,109.51658960525897,34.50571551675255,110.25250761972325,34.55032684853216,district,district,潼关县
343,陕西,延长汇通风电有限公司,陕西省延安市延长县张家滩镇李家山雷赤风电场,陕西省,延安市,延安,延长县,109.49658191612687,36.59111103521779,110.01847172588649,36.58532880170461,district,district,延长县
344,陕西,榆林中广核风力发电有限公司,陕西省榆林市榆阳区小壕兔乡大壕兔村核祥风电场,陕西省,榆林市,榆林,榆阳区,109.74161603381395,38.290883835484046,109.72755916953271,38.28241962673043,district,district,榆阳区
345,陕西,中广核永寿新能源有限公司,陕西省咸阳市永寿县监军街道白坊村二组封侯光伏场站院内,陕西省,咸阳市,咸阳,永寿县,108.71542245143303,34.335476293368586,108.14846878644317,34.69803553561666,district,district,永寿县
346,陕西,白水核阳新能源有限公司,陕西省渭南市白水县城关镇新庄村核旭光伏电站院内,陕西省,渭南市,渭南,白水县,109.51658960525897,34.50571551675255,109.59752055373886,35.18328751461316,district,district,白水县
347,青海,中广核（青海）新能源投资有限公司,青海省西宁市城西区海晏路79号博雅金融广场11号楼10层,青海省,西宁市,西宁,城西区,101.78445017050855,36.62338469651661,101.77241422413312,36.63449697952408,district,district,城西区
348,青海,中广核新能源（尖扎）有限公司,青海省黄南州尖扎县尖扎滩乡尕加一村,青海省,黄南藏族自治州,黄南州,尖扎县,102.02242827807585,35.525804586515534,102.0375073241969,35.94428445986772,district,district,尖扎县
349,青海,中广核太阳能（大柴旦）开发有限公司,青海省大柴旦锡铁山镇,青海省,海西蒙古族藏族自治州,海西州,大柴旦行政委员会,97.37629911601906,37.38275046252745,95.3719837824876,37.85858431029558,district,district,大柴旦
350,青海,中广核太阳能乌兰有限公司,青海省乌兰县柯柯镇西沙沟村,青海省,海西蒙古族藏族自治州,海西州,乌兰县,97.37629911601906,37.38275046252745,98.48673569929515,36.9357478590324,district,district,乌兰县
351,青海,中广核太阳能共和有限公司,青海省共和县光伏发电园区,青海省,海南藏族自治州,海南州,共和县,100.62662114445924,36.2921024798988,100.62662348005355,36.28870331786534,district,district,共和县
352,青海,中广核太阳能（德令哈）光伏有限公司,海西州德令哈市西出口光伏发电园区,青海省,海西蒙古族藏族自治州,海西州,德令哈市,97.37629911601906,37.38275046252745,97.36747029997534,37.37534590746335,district,district,德令哈市
353,青海,中广核青海冷湖风力发电有限公司,海西州茫崖市冷湖镇305省道西400米,青海省,海西蒙古族藏族自治州,海西州,茫崖市,97.37629911601906,37.38275046252745,90.87951750333991,38.261902814972395,district,district,茫崖市
354,青海,中广核新能源（乐都）有限公司,青海省海东市乐都区洪水镇马家岭、大寨子村等,青海省,海东市,海东,乐都区,102.1104440722824,36.508511080941304,102.40856633882869,36.48782005152185,district,district,乐都区
355,青海,海南州恒基伟业光伏电力有限公司,恰卜恰镇东香卡村三社五七滩,青海省,海南藏族自治州,海南州,,100.62662114445924,36.2921024798988,100.62662114445924,36.2921024798988,prefecture,prefecture,海南州
356,青海,大柴旦全通畅新能源有限公司,青海省海西州大柴旦行委锡铁山镇,青海省,海西蒙古族藏族自治州,海西州,大柴旦行政委员会,97.37629911601906,37.38275046252745,95.3719837824876,37.85858431029558,district,district,大柴旦
357,青海,大柴旦浩润新能源有限公司,青海省海西州大柴旦行政委员会锡铁山镇流沙坪片区,青海省,海西蒙古族藏族自治州,海西州,大柴旦行政委员会,97.37629911601906,37.38275046252745,95.3719837824876,37.85858431029558,district,district,大柴旦行政委员会
358,青海,中广核海西太阳能开发有限公司,德令哈市市政府办公大楼324室,青海省,海西蒙古族藏族自治州,海西州,德令哈市,97.37629911601906,37.38275046252745,97.36747029997534,37.37534590746335,district,district,德令哈市
359,青海,都兰绿扬都能源有限公司,青海省海西州都兰县宗加镇109国道南侧,青海省,海西蒙古族藏族自治州,海西州,都兰县,97.37629911601906,37.38275046252745,98.10270479377708,36.307611028682054,district,district,都兰县
360,青海,广拓太阳能发电共和有限公司,青海省海南州藏族自治州共和光伏园区,青海省,海南藏族自治州,海南州,共和县,100.62662114445924,36.2921024798988,100.62662348005355,36.28870331786534,district,district,共和
361,青海,中广核（格尔木）能源开发有限公司,青海省海西州格尔木市乌图美仁乡光伏园区3号地块,青海省,海西蒙古族藏族自治州,海西州,格尔木市,97.37629911601906,37.38275046252745,94.93331021042529,36.41237104695386,district,district,格尔木市
362,青海,中广核新能源海晏有限公司,"青海省海北藏族自治州海晏县三角城镇和平路22号2-1,2-2",青海省,海北藏族自治州,海北州,海晏县,100.90743432145598,36.96066282412982,101.00058554860196,36.90237602251455,district,district,海晏县
363,江苏 / 1+16，4,中广核（江苏）新能源有限公司,南京市建邺区奥体大街68号国际研发总部园01栋第九、第十层,江苏省,南京市,南京,建邺区,118.80242172124585,32.06465288561847,118.73856944695221,32.009369695446466,district,district,建邺区
364,江苏 / 1+16，4,宝应县融保达风力发电有限公司,宝应县广洋湖镇工业集中区兴洋西路128号,江苏省,扬州市,扬州,宝应县,119.41941890822997,32.40067693609037,119.36555570137673,33.24720546114832,district,district,宝应县
365,江苏 / 1+16，4,中广核新能源（淮安）有限公司,淮安市淮阴区刘老庄镇计生站院内,江苏省,淮安市,淮安,淮阴区,119.02148367070623,33.61629530103313,119.0414217411613,33.63815042476756,district,district,淮阴区
366,江苏 / 1+16，4,中广核新能源南通有限公司,南通市如东县沿海经济开发区黄海二路1号四海之家A45幢301D,江苏省,南通市,南通,如东县,120.90159173866185,31.98654943120089,121.19243791023843,32.33587288615511,district,district,如东县
367,江苏 / 1+16，4,如东聚核新能源有限公司,南通市如东县苴镇乡何丫村二组六号,江苏省,南通市,南通,如东县,120.90159173866185,31.98654943120089,121.19243791023843,32.33587288615511,district,district,如东县
368,江苏 / 1+16，4,中广核林洋新能源泗洪有限公司,泗洪县经济开发区电子信息产业园24幢101室,江苏省,宿迁市,宿迁,泗洪县,118.28157403570837,33.96774971569008,118.22241594668768,33.46573259459488,district,district,泗洪县
369,江苏 / 1+16，4,中广核射阳洋马风力发电有限公司,射阳县洋马镇洋马水利站东侧,江苏省,盐城市,盐城,射阳县,120.167544265761,33.355100917626196,120.26444564891948,33.78101359213001,district,district,射阳县
370,江苏 / 1+16，4,中广核射阳特庸风力发电有限公司,射阳县洋马镇洋马水利站东侧,江苏省,盐城市,盐城,射阳县,120.167544265761,33.355100917626196,120.26444564891948,33.78101359213001,district,district,射阳县
371,江苏 / 1+16，4,中广核太阳能连云港有限公司,连云港市海州区浦南镇包青路西侧168号,江苏省,连云港市,连云港,海州区,119.22862133316607,34.60224952526725,119.16940808818707,34.5774561185969,district,district,海州区
372,江苏 / 1+16，4,连云港中祥新能源有限公司,连云港市海州区浦南镇包青路西侧169号,江苏省,连云港市,连云港,海州区,119.22862133316607,34.60224952526725,119.16940808818707,34.5774561185969,district,district,海州区
373,江苏 / 1+16，4,中广核射阳风力发电有限公司,江苏省盐城市射阳县射阳港经济区人民东路2号-4,江苏省,盐城市,盐城,射阳县,120.167544265761,33.355100917626196,120.26444564891948,33.78101359213001,district,district,射阳县
374,江苏 / 1+16，4,中广核如东海上风力发电有限公司,如东洋口港经济开发区海堤路东侧、北海堤南侧,江苏省,南通市,南通,如东县,120.90159173866185,31.98654943120089,121.19243791023843,32.33587288615511,district,district,如东
375,江苏 / 1+16，4,中广核射阳黄沙港风力发电有限公司,射阳县洋马镇洋马水利站东侧,江苏省,盐城市,盐城,射阳县,120.167544265761,33.355100917626196,120.26444564891948,33.78101359213001,district,district,射阳县
376,江苏 / 1+16，4,泗阳县北穿电力工程有限公司,泗阳县穿城镇张老庄村,江苏省,宿迁市,宿迁,泗阳县,118.28157403570837,33.96774971569008,118.70946596537884,33.728328313046696,district,district,泗阳县
377,江苏 / 1+16，4,宿迁市宏辰电力有限公司,江苏省宿迁市宿豫区关庙镇水汉村小康路宏辰光伏电站,江苏省,宿迁市,宿迁,宿豫区,118.28157403570837,33.96774971569008,118.33640094471272,33.95480439632684,district,district,宿豫区
378,江苏 / 1+16，4,中广核新能源（涟水）有限公司,淮安市涟水县唐集镇唐集街1号,江苏省,淮安市,淮安,涟水县,119.02148367070623,33.61629530103313,119.26644843920793,33.78707870790034,district,district,涟水县
379,江西,中广核（江西）新能源有限公司,江西省南昌市红谷滩区赣江北大道1号中航国际广场二期办公-1309,江西省,南昌市,南昌,南昌县,115.86458944231661,28.68945529506072,115.95046017276752,28.551604186108275,district,district,南昌市
380,江西,新余市云井岭新能源有限公司,江西省新余市渝水区良山镇山凤西路130号171室,江西省,新余市,新余,渝水区,114.9235346513963,27.823578697788587,114.95142389340262,27.80683965044363,district,district,渝水区
381,江西,中广核彭泽泉山风力发电有限公司,江西省九江市彭泽县民政局内,江西省,九江市,九江,彭泽县,116.00753491163063,29.711340559079343,116.55550980643851,29.90212200490592,district,district,彭泽县
382,江西,中广核湖口文桥风力发电有限公司,江西省九江市湖口县付垅乡一甲村,江西省,九江市,九江,湖口县,116.00753491163063,29.711340559079343,116.25847134558812,29.737131514561977,district,district,湖口县
383,江西,中广核彭泽浩山风力发电有限公司,江西省九江市彭泽县浩山乡柳墅村,江西省,九江市,九江,彭泽县,116.00753491163063,29.711340559079343,116.55550980643851,29.90212200490592,district,district,彭泽县
384,江西,中广核（赣县）高峰山风力发电有限公司,江西省赣州市赣县区赣州高新技术产业开发区稀金三路15号洋塘标准厂房16栋,江西省,赣州市,赣州,赣县区,114.9405033729825,25.835176103497655,115.01857016414861,25.86638461662099,district,district,赣县区
385,江西,中广核新能源（遂川）有限公司,江西省吉安市遂川县泉江镇朝阳路7号,江西省,吉安市,吉安,吉安县,115.00051072001253,27.119726826070448,114.91459130140301,27.044989078994433,district,district,吉安市
386,江西,中广核（横峰县）新能源有限公司,江西省上饶市横峰县新篁办事处崇山村268号,江西省,上饶市,上饶,横峰县,117.94945960312224,28.460625921851733,117.60239738301532,28.413440462383896,district,district,横峰县
387,江西,樟树市中利腾晖光伏有限公司,江西省樟树市刘公庙镇天佑路3号（原农机站内）,江西省,宜春市,宜春,樟树市,114.4235636759064,27.820856421848216,115.55241893532511,28.062153117647533,district,district,樟树市
388,江西,吉水县中广核新能源有限公司,江西省吉安市吉水县枫江镇垇头村上坑组曾家垇,江西省,吉安市,吉安,吉安县,115.00051072001253,27.119726826070448,114.91459130140301,27.044989078994433,district,district,吉安市
389,江西,龙南县鑫昌盛新能源有限公司,江西省赣州市龙南市龙南镇马牯塘镇金塘开发区鸿业大厦4楼,江西省,赣州市,赣州,龙南县,114.9405033729825,25.835176103497655,114.796554137092,24.91659946115653,district,district,龙南市
390,江西,中广核（赣州）新能源有限公司,江西省赣州市赣县区赣州高新技术产业开发区火炬大道1号科技企业孵化器262室,江西省,赣州市,赣州,赣县区,114.9405033729825,25.835176103497655,115.01857016414861,25.86638461662099,district,district,赣县区
391,江西,中广核新能源（南昌）有限公司,江西省南昌市进贤县前坊镇前坊大道20号,江西省,南昌市,南昌,南昌县,115.86458944231661,28.68945529506072,115.95046017276752,28.551604186108275,district,district,南昌市
392,江西,鄱阳县核博新能源有限公司,江西省上饶市鄱阳县田畈街镇天乐路西侧,江西省,上饶市,上饶,鄱阳县,117.94945960312224,28.460625921851733,116.71056614080348,29.011452830922217,district,district,鄱阳县
393,江西,中广核新能源（南昌）有限公司黎川分公司,江西省抚州市黎川县工业园区乡友陶瓷园,江西省,抚州市,抚州,黎川县,116.36453876864373,27.954892253419565,116.9145070033776,27.28834023483109,district,district,黎川县
394,湖南 / 3,中广核新能源投资（深圳）有限公司湖南分公司,湖南省长沙市雨花区万家丽南路二段688号3-C栋02、03房,湖南省,长沙市,长沙,雨花区,112.94547319535287,28.23488939994364,113.04242155985752,28.142232711654117,district,district,雨花区
395,湖南 / 3,中广核湖南桂阳风力发电有限公司,湖南省郴州市桂阳县四里镇梅家村（光伏项目）4幢101室,湖南省,郴州市,郴州,桂阳县,113.02146049909462,25.776683273601865,112.7405603662173,25.759775327893205,district,district,桂阳县
396,湖南 / 3,中广核桃江风力发电有限公司,湖南省益阳市桃江县灰山港镇汪家冲村（升压站综合楼）,湖南省,益阳市,益阳,桃江县,112.36151595471031,28.559711178489888,112.16254146397702,28.523870869897745,district,district,桃江县
397,湖南 / 3,华容县协鑫光伏电力有限公司,湖南省岳阳市华容县三封寺镇华容高新技术产业开发区行政服务中心601室,湖南省,岳阳市,岳阳,岳阳县,113.13548942422142,29.3631782939259,113.12254448250472,29.150269316045275,district,district,岳阳市
398,湖南 / 3,澧县谷峰新能源科技有限公司,湖南省澧县如东镇枫林村四组,湖南省,常德市,常德,澧县,111.70545217995837,29.037749999406877,111.7655335473624,29.638946004609103,district,district,澧县
399,湖南 / 3,中广核益阳新能源有限公司,湖南省益阳市赫山区青年路,湖南省,益阳市,益阳,赫山区,112.36151595471031,28.559711178489888,112.38059794000806,28.584983567572916,district,district,赫山区
400,湖南 / 3,通道侗族自治县鸿殿风能开发有限公司,湖南省怀化市通道侗族自治县双江镇黄柏村（工业集中区）,湖南省,怀化市,怀化,通道侗族自治县,110.00851426537254,27.575160902978517,109.79044548255604,26.16421986471205,district,district,通道侗族自治县
401,湖南 / 3,冷水江中广核新能源有限公司,冷水江市广场东路（博长花园住宅小区3栋1-201室）,湖南省,娄底市,娄底,冷水江市,112.00150349288418,27.703208596991583,111.44153972291355,27.692058848957522,district,district,冷水江市
402,湖南 / 3,资兴中广核新能源有限公司,湖南省郴州市资兴市东江街道寿佛路588号东江湾电商产业园15栋二楼,湖南省,郴州市,郴州,资兴市,113.02146049909462,25.776683273601865,113.24255612232601,25.981873602722327,district,district,资兴市
403,上海,中广核新能源投资（深圳）有限公司上海分公司,上海市闵行区紫星路1588号C楼401室,上海市,上海市,上海,闵行区,121.48053886017651,31.235929042252014,121.38861193361008,31.118842580087428,district,district,闵行区
404,上海,上海同策云启分布式能源有限公司,上海市闵行区紫星路1588号C楼401室,上海市,上海市,上海,闵行区,121.48053886017651,31.235929042252014,121.38861193361008,31.118842580087428,district,district,闵行区
405,上海,上海志节新能源科技有限公司,上海市闵行区紫星路1588号C楼401室,上海市,上海市,上海,闵行区,121.48053886017651,31.235929042252014,121.38861193361008,31.118842580087428,district,district,闵行区
406,上海,上海炫合光伏电力有限公司,上海市闵行区紫星路1588号C楼401室,上海市,上海市,上海,闵行区,121.48053886017651,31.235929042252014,121.38861193361008,31.118842580087428,district,district,闵行区
407,上海,上海白鹭新能源有限公司,上海市崇明区港西镇新岗村港垦路288弄128号,上海市,上海市,上海,崇明区,121.48053886017651,31.235929042252014,121.40951379604681,31.336247198796897,district,district,崇明区
408,上海,中广核（上海）新能源有限公司,上海市闵行区紫星路1588号C楼401室,上海市,上海市,上海,闵行区,121.48053886017651,31.235929042252014,121.38861193361008,31.118842580087428,district,district,闵行区
409,德令哈,中广核新能源德令哈有限公司,青海省海西州德令哈市西出口光伏产业园区 / 办公地址：德令哈市西出口光伏产业园区,青海省,海西蒙古族藏族自治州,海西州,德令哈市,97.37629911601906,37.38275046252745,97.36747029997534,37.37534590746335,district,district,德令哈市
410,德令哈,中广核太阳能德令哈有限公司,青海省海西州德令哈市西出口315国道以北 / 办公地点：德令哈市西出口315国道以北,青海省,海西蒙古族藏族自治州,海西州,德令哈市,97.37629911601906,37.38275046252745,97.36747029997534,37.37534590746335,district,district,德令哈市
411,天津,新能职业培训学校（天津）有限公司,天津市河东区津塘路174号天津电气传动设计研究所3号楼3层,天津市,天津市,天津,河东区,117.2095232146708,39.093667843403956,117.25841295306803,39.134487325955114,district,district,河东区
412,重庆,中广核新能源发电重庆有限公司,重庆市渝北区玉峰山镇桐桂大道3号3幢,重庆市,重庆市,重庆,渝北区,106.55843415537664,29.568996245338923,106.6375590606026,29.723927343006626,district,district,渝北区
413,重庆,重庆广川综合能源服务有限公司,重庆市南川区水江镇园区路39号（生产楼）,重庆市,重庆市,重庆,南川区,106.55843415537664,29.568996245338923,107.10558512437106,29.16347859960621,district,district,南川区
414,重庆,中广核新能源重庆有限公司,重庆市城口县庙坝镇兴旺村3组6号D区5幢（自主承诺）,重庆市,重庆市,重庆,,106.55843415537664,29.568996245338923,106.55843415537664,29.568996245338923,prefecture,prefecture,重庆市
415,海南,中广核新能源（海南）有限公司,海南省海口市美兰区国兴大道3号互联网金融大厦A座15层1503室,海南省,海口市,海口,美兰区,110.32552547126409,20.04404943925674,110.373498399042,20.034646217625145,district,district,美兰区
416,海南,中广核（文昌）新能源有限公司,文昌市文教镇立新村委会大院101房,海南省,文昌市,文昌,文昌市,110.35553651088428,20.025801964462914,110.35553651088428,20.025801964462914,district,district,文昌市
417,海南,中广核新能源（白沙）有限公司,海南省白沙黎族自治县邦溪镇南班水库区域名仕湾B区B4-A-2002号房,海南省,白沙黎族自治县,白沙黎族自治县,白沙黎族自治县,110.47147936573002,19.254235689459627,110.47147936573002,19.254235689459627,district,district,白沙黎族自治县
